fecha,temperatura_media,precipitacion_total,velocidad_viento
01/01/2010,12,4,3.1
02/01/2010,10,9,3.3
03/01/2010,9,2,3.5
04/01/2010,8,10,1.9
05/01/2010,11,3,5
06/01/2010,12,6,3.3
07/01/2010,11,6,6.5
08/01/2010,12,8,8.3
09/01/2010,6,9,5.2
10/01/2010,7,14,6.9
11/01/2010,11,0,7.4
12/01/2010,10,8,6.3
13/01/2010,11,6,5.2
14/01/2010,12,0,15.6
15/01/2010,6,10,11.1
16/01/2010,7,6,8.3
17/01/2010,8,9,4.1
18/01/2010,12,4,10.4
19/01/2010,15,10,17.8
20/01/2010,14,10,20.7
21/01/2010,14,2,18.7
22/01/2010,13,3,20.7
23/01/2010,14,7,28.2
24/01/2010,14,3,12
25/01/2010,14,15,7
26/01/2010,15,5,9.4
27/01/2010,15,9,16.5
28/01/2010,16,10,26.7
29/01/2010,14,10,18.3
30/01/2010,11,7,8.3
31/01/2010,11,10,15.6
01/02/2010,12,0,15.2
02/02/2010,11,8,12.6
03/02/2010,10,8,17
04/02/2010,10,9,14.3
05/02/2010,10,8,5.4
06/02/2010,10,14,5.6
07/02/2010,12,8,9.3
08/02/2010,14,13,22
09/02/2010,13,2,8
10/02/2010,15,12,19.4
11/02/2010,15,12,25.7
12/02/2010,11,14,3.3
13/02/2010,13,12,7
14/02/2010,15,8,6.5
15/02/2010,14,4,7
16/02/2010,12,3,5.9
17/02/2010,12,11,8.3
18/02/2010,9,13,5.7
19/02/2010,11,1,2.8
20/02/2010,13,9,14.3
21/02/2010,13,8,17.6
22/02/2010,15,12,16.9
23/02/2010,17,9,24.3
24/02/2010,9,5,9.8
25/02/2010,12,5,6.1
26/02/2010,15,10,10.9
27/02/2010,13,14,6.3
28/02/2010,16,10,23.7
01/03/2010,17,4,18.3
02/03/2010,14,5,6.3
03/03/2010,16,11,10.9
04/03/2010,17,13,8
05/03/2010,18,12,14.8
06/03/2010,17,14,11.3
07/03/2010,13,9,13.5
08/03/2010,17,11,22.4
09/03/2010,17,9,27.2
10/03/2010,14,10,22.6
11/03/2010,15,10,23.7
12/03/2010,11,1,6.5
13/03/2010,13,7,8.5
14/03/2010,15,12,13
15/03/2010,17,1,10.7
16/03/2010,14,6,14.8
17/03/2010,12,0,8.3
18/03/2010,15,5,13.1
19/03/2010,18,0,20.9
20/03/2010,15,9,14.4
21/03/2010,12,7,5.4
22/03/2010,16,5,7.4
23/03/2010,18,0,18.1
24/03/2010,17,12,19.1
25/03/2010,15,11,6.1
26/03/2010,17,7,9.6
27/03/2010,18,4,14.6
28/03/2010,16,14,12.6
29/03/2010,15,4,4.8
30/03/2010,18,13,6.3
31/03/2010,20,8,9.8
01/04/2010,21,9,26.3
02/04/2010,20,1,18.7
03/04/2010,18,2,16.5
04/04/2010,19,10,13.9
05/04/2010,21,15,10.2
06/04/2010,22,7,18.5
07/04/2010,22,1,16.3
08/04/2010,20,2,9.6
09/04/2010,19,6,10.4
10/04/2010,17,1,8.3
11/04/2010,20,4,13.7
12/04/2010,20,6,13.1
13/04/2010,20,1,8.1
14/04/2010,20,15,10.2
15/04/2010,20,6,7.6
16/04/2010,21,5,6.5
17/04/2010,21,11,12.2
18/04/2010,19,8,10
19/04/2010,21,11,12.6
20/04/2010,20,7,12.2
21/04/2010,21,0,18.1
22/04/2010,21,5,29.1
23/04/2010,20,13,33
24/04/2010,18,5,21.5
25/04/2010,17,7,11.7
26/04/2010,18,0,10
27/04/2010,20,4,16.5
28/04/2010,20,15,10.7
29/04/2010,22,4,25
30/04/2010,21,1,28.2
01/05/2010,17,14,30.9
02/05/2010,15,11,13
03/05/2010,21,12,7.4
04/05/2010,21,7,6.9
05/05/2010,25,10,4.6
06/05/2010,26,14,8.3
07/05/2010,26,4,7
08/05/2010,25,6,9.3
09/05/2010,24,12,7.4
10/05/2010,26,9,12
11/05/2010,26,12,9.4
12/05/2010,26,6,17.6
13/05/2010,24,11,12
14/05/2010,23,14,11.1
15/05/2010,22,9,8.9
16/05/2010,20,15,10.4
17/05/2010,23,9,8.9
18/05/2010,24,5,6.7
19/05/2010,26,11,11.3
20/05/2010,25,13,6.5
21/05/2010,25,12,15.9
22/05/2010,24,11,14.1
23/05/2010,24,13,17.4
24/05/2010,25,7,16.1
25/05/2010,25,6,8.5
26/05/2010,24,8,6.3
27/05/2010,25,3,10
28/05/2010,26,10,4.8
29/05/2010,24,10,12.4
30/05/2010,22,6,7.8
31/05/2010,25,12,6.9
01/06/2010,22,14,8.3
02/06/2010,24,9,9.1
03/06/2010,25,9,9.1
04/06/2010,26,14,5.2
05/06/2010,26,11,7.8
06/06/2010,26,3,8.7
07/06/2010,26,4,8.3
08/06/2010,21,12,14.6
09/06/2010,22,4,9.3
10/06/2010,24,14,8.7
11/06/2010,25,0,8.3
12/06/2010,26,1,15.7
13/06/2010,25,0,14.3
14/06/2010,24,3,10.2
15/06/2010,25,10,8.9
16/06/2010,24,3,10.7
17/06/2010,24,6,9.8
18/06/2010,24,7,9.3
19/06/2010,22,12,8.9
20/06/2010,23,9,11.7
21/06/2010,25,7,10
22/06/2010,25,5,10.2
23/06/2010,26,3,11.9
24/06/2010,25,0,13.3
25/06/2010,24,9,10.9
26/06/2010,24,5,6.7
27/06/2010,24,3,9.8
28/06/2010,23,14,9.8
29/06/2010,23,10,13.3
30/06/2010,23,9,7.6
01/07/2010,22,15,20.7
02/07/2010,20,9,12.2
03/07/2010,20,3,12.6
04/07/2010,21,7,16.3
05/07/2010,19,13,10.7
06/07/2010,22,8,5.2
07/07/2010,21,9,10.4
08/07/2010,21,8,9.8
09/07/2010,22,7,11.5
10/07/2010,22,14,8.5
11/07/2010,23,14,10
12/07/2010,23,15,6.9
13/07/2010,23,6,2.4
14/07/2010,23,0,8.7
15/07/2010,24,0,7.2
16/07/2010,24,3,6.5
17/07/2010,20,2,7.8
18/07/2010,21,5,6.9
19/07/2010,23,15,4.8
20/07/2010,24,8,6.3
21/07/2010,20,0,2.8
22/07/2010,22,0,6.5
23/07/2010,23,10,5.9
24/07/2010,23,14,6.7
25/07/2010,21,14,8.1
26/07/2010,20,12,2.6
27/07/2010,20,3,2.4
28/07/2010,21,9,3.5
29/07/2010,22,7,6.3
30/07/2010,22,8,6.7
31/07/2010,21,9,4.4
01/08/2010,21,8,6.7
02/08/2010,22,13,7
03/08/2010,23,8,7.4
04/08/2010,22,14,6.5
05/08/2010,21,6,5.4
06/08/2010,23,4,6.5
07/08/2010,22,12,5
08/08/2010,22,8,7.4
09/08/2010,21,3,3.7
10/08/2010,23,5,5.6
11/08/2010,20,5,8.7
12/08/2010,20,1,7.8
13/08/2010,22,15,3.9
14/08/2010,21,0,5
15/08/2010,21,2,3.7
16/08/2010,21,2,4.4
17/08/2010,23,5,10
18/08/2010,24,14,13.7
19/08/2010,22,3,6.9
20/08/2010,23,5,4.4
21/08/2010,21,1,9.4
22/08/2010,23,14,7.6
23/08/2010,24,12,8.5
24/08/2010,21,12,6.7
25/08/2010,23,12,14.3
26/08/2010,20,11,7
27/08/2010,20,12,3.9
28/08/2010,21,4,4.4
29/08/2010,22,3,6.3
30/08/2010,24,9,4.6
31/08/2010,23,14,7.8
01/09/2010,23,15,6.9
02/09/2010,24,3,2.2
03/09/2010,23,9,9.4
04/09/2010,20,1,9.8
05/09/2010,20,14,6.7
06/09/2010,22,5,3
07/09/2010,21,12,3
08/09/2010,21,7,2.4
09/09/2010,21,13,7.4
10/09/2010,23,4,2
11/09/2010,20,4,6.3
12/09/2010,20,12,7.4
13/09/2010,22,12,8.1
14/09/2010,21,10,6.3
15/09/2010,20,12,2.4
16/09/2010,22,9,3.7
17/09/2010,23,7,6.9
18/09/2010,20,14,5
19/09/2010,20,0,5.6
20/09/2010,21,12,5.4
21/09/2010,18,4,0
22/09/2010,21,2,4.8
23/09/2010,21,13,3.9
24/09/2010,20,2,8.1
25/09/2010,19,0,6.1
26/09/2010,18,2,7.2
27/09/2010,19,12,7.6
28/09/2010,19,0,3.3
29/09/2010,19,1,7.8
30/09/2010,19,8,6.7
01/10/2010,19,8,7.6
02/10/2010,18,13,5.2
03/10/2010,17,0,9.1
04/10/2010,18,7,5.9
05/10/2010,17,13,4.6
06/10/2010,18,6,5.4
07/10/2010,18,9,7.2
08/10/2010,18,3,5.2
09/10/2010,17,7,4.8
10/10/2010,16,12,4.8
11/10/2010,20,4,6.1
12/10/2010,20,8,4.1
13/10/2010,19,8,10.4
14/10/2010,18,3,6.3
15/10/2010,17,15,5.7
16/10/2010,18,3,3.3
17/10/2010,17,5,7.2
18/10/2010,18,13,9.8
19/10/2010,18,13,10
20/10/2010,18,12,8.3
21/10/2010,18,15,13.5
22/10/2010,18,7,11.3
23/10/2010,16,10,15.6
24/10/2010,15,9,6.3
25/10/2010,19,12,10.4
26/10/2010,18,8,5.4
27/10/2010,19,7,3
28/10/2010,19,8,7.8
29/10/2010,18,7,8
30/10/2010,16,6,3.1
31/10/2010,16,6,5.2
01/11/2010,19,13,4.3
02/11/2010,18,4,10.4
03/11/2010,14,0,12.6
04/11/2010,13,11,16.1
05/11/2010,10,7,5.7
06/11/2010,13,8,3.9
07/11/2010,12,3,4.3
08/11/2010,14,13,2
09/11/2010,16,2,8.9
10/11/2010,15,8,6.7
11/11/2010,16,14,9.3
12/11/2010,15,4,3.7
13/11/2010,13,3,6.1
14/11/2010,16,3,17.2
15/11/2010,17,14,23.5
16/11/2010,12,0,8.7
17/11/2010,13,11,6.3
18/11/2010,13,1,5.9
19/11/2010,15,6,8
20/11/2010,16,1,12.4
21/11/2010,16,9,12.6
22/11/2010,19,15,16.5
23/11/2010,17,15,7.2
24/11/2010,18,11,11.5
25/11/2010,17,14,17
26/11/2010,14,2,7.2
27/11/2010,11,15,5.6
28/11/2010,15,5,20.7
29/11/2010,17,11,22
30/11/2010,12,12,11.5
01/12/2010,9,7,1.3
02/12/2010,13,9,1.5
03/12/2010,14,2,3.1
04/12/2010,12,1,0.6
05/12/2010,12,8,3.7
06/12/2010,14,0,4.1
07/12/2010,14,4,1.3
08/12/2010,14,14,6.1
09/12/2010,10,13,6.1
10/12/2010,10,14,1.1
11/12/2010,11,4,1.9
12/12/2010,12,3,2.4
13/12/2010,13,3,1.5
14/12/2010,14,9,1.7
15/12/2010,14,12,8
16/12/2010,14,13,14.1
17/12/2010,12,4,12.6
18/12/2010,10,4,3.9
19/12/2010,13,5,4.3
20/12/2010,14,12,5.6
21/12/2010,15,15,6.7
22/12/2010,15,7,4.4
23/12/2010,15,13,9.1
24/12/2010,12,14,4.8
25/12/2010,11,14,7.2
26/12/2010,9,1,5.6
27/12/2010,12,14,14.8
28/12/2010,10,0,11.3
29/12/2010,11,10,15.6
30/12/2010,11,0,22.4
31/12/2010,12,14,19.8
01/01/2011,12,9,11.7
02/01/2011,11,0,10.9
03/01/2011,13,9,18.3
04/01/2011,14,1,12
05/01/2011,15,12,7.8
06/01/2011,16,0,5.2
07/01/2011,13,2,7
08/01/2011,14,0,21.1
09/01/2011,13,3,13.3
10/01/2011,12,4,6.1
11/01/2011,13,12,3
12/01/2011,12,4,4.1
13/01/2011,13,5,4.6
14/01/2011,13,9,7.8
15/01/2011,11,4,10.6
16/01/2011,9,13,1.3
17/01/2011,13,12,1.9
18/01/2011,15,5,1.7
19/01/2011,15,8,10.9
20/01/2011,15,6,9.1
21/01/2011,16,4,7.6
22/01/2011,11,13,6.7
23/01/2011,12,3,12.6
24/01/2011,14,15,12
25/01/2011,13,5,3.5
26/01/2011,12,14,10.9
27/01/2011,13,2,10.2
28/01/2011,11,12,3.7
29/01/2011,12,15,15.6
30/01/2011,13,6,9.8
31/01/2011,12,1,17.4
01/02/2011,13,6,20.7
02/02/2011,13,11,22.6
03/02/2011,13,1,35.6
04/02/2011,7,9,22
05/02/2011,6,6,6.1
06/02/2011,12,12,11.7
07/02/2011,12,7,4.4
08/02/2011,16,1,19.1
09/02/2011,17,15,23.5
10/02/2011,19,0,18.9
11/02/2011,16,2,20
12/02/2011,12,4,8.7
13/02/2011,11,7,3.5
14/02/2011,16,10,1.5
15/02/2011,17,1,3.9
16/02/2011,20,13,4.3
17/02/2011,20,6,13
18/02/2011,18,4,7.8
19/02/2011,17,10,7
20/02/2011,18,12,15.9
21/02/2011,18,13,18.3
22/02/2011,20,15,20.2
23/02/2011,19,9,23.5
24/02/2011,19,3,20.2
25/02/2011,17,2,10.7
26/02/2011,15,14,18.7
27/02/2011,18,9,25.6
28/02/2011,20,6,8.1
01/03/2011,8,2,6.3
02/03/2011,22,1,7.4
03/03/2011,21,14,5.7
04/03/2011,21,13,14.3
05/03/2011,17,4,11.3
06/03/2011,15,7,8
07/03/2011,20,7,24.3
08/03/2011,20,12,22.2
09/03/2011,18,14,10.6
10/03/2011,17,13,7.6
11/03/2011,18,14,7.2
12/03/2011,18,11,11.1
13/03/2011,19,11,20.9
14/03/2011,17,13,8.5
15/03/2011,19,4,5.6
16/03/2011,20,8,7.4
17/03/2011,19,1,6.5
18/03/2011,21,11,5.4
19/03/2011,20,1,10.9
20/03/2011,22,13,13.7
21/03/2011,24,2,5.7
22/03/2011,23,13,11.3
23/03/2011,21,0,7.8
24/03/2011,22,12,7
25/03/2011,23,4,12.8
26/03/2011,21,4,15
27/03/2011,20,5,12.6
28/03/2011,20,7,12.6
29/03/2011,22,5,18.1
30/03/2011,21,15,15
31/03/2011,19,8,6.1
01/04/2011,21,9,3.9
02/04/2011,19,0,10
03/04/2011,21,8,9.6
04/04/2011,21,14,7.6
05/04/2011,22,11,4.8
06/04/2011,23,1,23.7
07/04/2011,22,7,23.3
08/04/2011,21,14,18.3
09/04/2011,21,1,21.1
10/04/2011,21,14,22.8
11/04/2011,22,13,9.4
12/04/2011,22,7,12.4
13/04/2011,23,0,11.7
14/04/2011,25,11,12.8
15/04/2011,22,0,6.7
16/04/2011,21,7,13.3
17/04/2011,21,1,19.6
18/04/2011,23,7,17
19/04/2011,22,2,16.1
20/04/2011,22,8,8.1
21/04/2011,23,12,9.1
22/04/2011,22,13,11.5
23/04/2011,22,4,10.7
24/04/2011,22,15,20.4
25/04/2011,24,0,18.5
26/04/2011,25,15,18.5
27/04/2011,24,8,11.3
28/04/2011,24,3,5.7
29/04/2011,25,15,14.3
30/04/2011,25,13,22.2
01/05/2011,23,3,14.3
02/05/2011,23,2,9.8
03/05/2011,17,15,11.3
04/05/2011,21,10,6.1
05/05/2011,20,3,8.1
06/05/2011,22,5,4.3
07/05/2011,23,0,5.7
08/05/2011,24,6,7.4
09/05/2011,26,15,10.9
10/05/2011,26,14,17.6
11/05/2011,24,4,21.5
12/05/2011,24,2,13.9
13/05/2011,23,13,5
14/05/2011,21,2,4.8
15/05/2011,25,3,10.6
16/05/2011,25,3,9.4
17/05/2011,26,7,14.1
18/05/2011,27,14,22.6
19/05/2011,24,1,25
20/05/2011,24,0,21.3
21/05/2011,22,14,8.9
22/05/2011,19,9,13.9
23/05/2011,25,12,8.1
24/05/2011,26,5,7.2
25/05/2011,26,12,5.7
26/05/2011,26,2,4.3
27/05/2011,26,15,11.3
28/05/2011,24,7,9.8
29/05/2011,25,15,15.2
30/05/2011,28,13,5
31/05/2011,28,5,12.4
01/06/2011,26,3,11.5
02/06/2011,26,2,3.9
03/06/2011,26,1,10.9
04/06/2011,23,9,10.2
05/06/2011,23,11,9.6
06/06/2011,25,5,12.6
07/06/2011,29,13,14.3
08/06/2011,26,14,10.6
09/06/2011,28,14,5.9
10/06/2011,27,14,9.1
11/06/2011,25,6,10.2
12/06/2011,25,15,9.1
13/06/2011,27,0,14.1
14/06/2011,26,7,9.8
15/06/2011,27,5,9.3
16/06/2011,27,5,5.4
17/06/2011,27,2,9.6
18/06/2011,26,6,9.6
19/06/2011,26,2,5.9
20/06/2011,28,9,7.6
21/06/2011,27,1,12.2
22/06/2011,23,11,9.6
23/06/2011,24,11,6.1
24/06/2011,26,3,8
25/06/2011,25,4,6.5
26/06/2011,25,10,10
27/06/2011,27,13,12.2
28/06/2011,26,12,11.1
29/06/2011,27,4,17.2
30/06/2011,26,5,16.1
01/07/2011,2,7,15.6
02/07/2011,20,13,14.8
03/07/2011,19,2,12.8
04/07/2011,21,11,2.6
05/07/2011,20,6,6.7
06/07/2011,20,15,4.3
07/07/2011,22,10,7.8
08/07/2011,24,15,8
09/07/2011,25,11,17.2
10/07/2011,19,11,9.4
11/07/2011,22,10,7
12/07/2011,24,7,11.3
13/07/2011,21,0,8.3
14/07/2011,21,1,7.4
15/07/2011,22,5,7.6
16/07/2011,24,11,11.9
17/07/2011,23,11,17.2
18/07/2011,24,2,14.8
19/07/2011,23,13,3.9
20/07/2011,22,3,8
21/07/2011,22,10,15.6
22/07/2011,21,2,10.4
23/07/2011,23,4,6.1
24/07/2011,21,8,7
25/07/2011,24,1,9.4
26/07/2011,24,3,8.1
27/07/2011,21,2,7
28/07/2011,21,11,8
29/07/2011,22,6,7.8
30/07/2011,24,9,10.9
31/07/2011,25,3,14.1
01/08/2011,25,14,10.7
02/08/2011,26,12,13.1
03/08/2011,24,12,9.6
04/08/2011,21,6,6.7
05/08/2011,20,9,6.7
06/08/2011,21,9,6.9
07/08/2011,23,3,11.5
08/08/2011,21,6,8.9
09/08/2011,20,11,11.7
10/08/2011,20,0,12.8
11/08/2011,22,0,11.1
12/08/2011,22,2,8.7
13/08/2011,22,8,12
14/08/2011,22,5,5.9
15/08/2011,22,7,5.9
16/08/2011,23,10,9.4
17/08/2011,24,0,10.2
18/08/2011,23,8,6.1
19/08/2011,23,14,7.4
20/08/2011,25,0,9.4
21/08/2011,23,8,11.1
22/08/2011,22,11,10
23/08/2011,22,7,8.9
24/08/2011,24,3,9.3
25/08/2011,25,11,11.7
26/08/2011,22,14,13.9
27/08/2011,19,0,5.9
28/08/2011,21,8,7
29/08/2011,22,6,11.7
30/08/2011,22,14,12
31/08/2011,22,3,8.3
01/09/2011,21,4,6.9
02/09/2011,21,8,5.4
03/09/2011,19,3,6.7
04/09/2011,20,4,8.5
05/09/2011,21,5,12.4
06/09/2011,22,6,12
07/09/2011,20,12,10.9
08/09/2011,20,5,9.8
09/09/2011,19,3,11.1
10/09/2011,19,8,6.1
11/09/2011,20,15,12.2
12/09/2011,22,7,10.9
13/09/2011,22,14,6.5
14/09/2011,23,4,8.9
15/09/2011,21,1,8.7
16/09/2011,21,1,7.4
17/09/2011,18,7,8.7
18/09/2011,19,5,4.3
19/09/2011,21,13,12.8
20/09/2011,21,6,9.4
21/09/2011,21,14,8.7
22/09/2011,20,13,8.7
23/09/2011,20,4,8.9
24/09/2011,20,4,6.9
25/09/2011,17,8,3.9
26/09/2011,21,10,6.5
27/09/2011,23,0,6.1
28/09/2011,20,10,9.8
29/09/2011,21,12,7
30/09/2011,20,6,9.3
01/10/2011,19,2,6.3
02/10/2011,18,9,8.1
03/10/2011,19,4,8
04/10/2011,20,15,6.1
05/10/2011,21,11,6.9
06/10/2011,22,5,10.6
07/10/2011,22,10,14.3
08/10/2011,20,0,9.6
09/10/2011,18,7,6.9
10/10/2011,19,14,6.9
11/10/2011,17,6,8.9
12/10/2011,18,10,5
13/10/2011,19,4,9.3
14/10/2011,19,11,6.9
15/10/2011,18,4,9.4
16/10/2011,17,10,6.7
17/10/2011,19,15,4.6
18/10/2011,18,13,11.1
19/10/2011,16,4,7.6
20/10/2011,17,1,4.1
21/10/2011,19,8,4.8
22/10/2011,17,13,8.5
23/10/2011,17,7,5.6
24/10/2011,19,15,8.1
25/10/2011,17,3,3.9
26/10/2011,18,14,4.6
27/10/2011,19,12,6.5
28/10/2011,18,12,7
29/10/2011,16,6,7
30/10/2011,19,7,5.6
31/10/2011,19,9,5.9
01/11/2011,19,14,3.9
02/11/2011,19,1,4.6
03/11/2011,19,8,6.1
04/11/2011,19,0,12
05/11/2011,18,10,17.8
06/11/2011,17,2,14.6
07/11/2011,18,15,19.1
08/11/2011,18,7,12
09/11/2011,15,11,5.4
10/11/2011,11,4,12
11/11/2011,12,7,7.6
12/11/2011,14,7,13.5
13/11/2011,15,13,17
14/11/2011,16,3,25.9
15/11/2011,17,12,14.8
16/11/2011,16,0,8
17/11/2011,15,14,5.2
18/11/2011,16,10,13.5
19/11/2011,15,14,16.5
20/11/2011,16,7,15
21/11/2011,19,14,16.3
22/11/2011,17,15,7
23/11/2011,16,7,5.4
24/11/2011,16,8,6.3
25/11/2011,18,8,17.6
26/11/2011,15,14,13.5
27/11/2011,7,6,16.7
28/11/2011,5,15,4.3
29/11/2011,9,2,4.6
30/11/2011,10,12,5.7
01/12/2011,15,11,14.3
02/12/2011,13,2,12.4
03/12/2011,14,6,20
04/12/2011,13,1,21.7
05/12/2011,12,9,10.2
06/12/2011,12,11,5.9
07/12/2011,10,13,5.9
08/12/2011,13,14,12.4
09/12/2011,15,13,12.2
10/12/2011,14,11,5
11/12/2011,13,6,10
12/12/2011,16,4,12.6
13/12/2011,16,15,12.8
14/12/2011,16,2,18.7
15/12/2011,14,10,19.1
16/12/2011,13,7,8
17/12/2011,13,12,5.7
18/12/2011,12,14,10.4
19/12/2011,18,12,27.6
20/12/2011,11,0,18.7
21/12/2011,15,13,32.8
22/12/2011,13,7,11.7
23/12/2011,10,3,11.1
24/12/2011,12,14,11.7
25/12/2011,9,4,3.7
26/12/2011,8,15,8.9
27/12/2011,11,14,2.8
28/12/2011,12,2,7.8
29/12/2011,8,5,3.7
30/12/2011,12,4,4.3
31/12/2011,16,5,12
01/01/2012,16,2,12
02/01/2012,13,8,7.8
03/01/2012,12,6,6.3
04/01/2012,12,2,5.4
05/01/2012,11,6,6.5
06/01/2012,10,7,3.7
07/01/2012,11,2,7
08/01/2012,15,1,16.5
09/01/2012,14,6,17.8
10/01/2012,7,0,6.9
11/01/2012,9,15,3.7
12/01/2012,11,11,4.4
13/01/2012,14,9,5.4
14/01/2012,10,5,3.1
15/01/2012,12,2,9.1
16/01/2012,15,14,9.8
17/01/2012,15,5,5.7
18/01/2012,14,15,4.4
19/01/2012,14,5,3.5
20/01/2012,16,13,6.7
21/01/2012,14,8,6.7
22/01/2012,17,12,12.4
23/01/2012,16,4,7.6
24/01/2012,16,9,21.9
25/01/2012,14,4,17.8
26/01/2012,8,11,5.9
27/01/2012,10,7,6.5
28/01/2012,12,0,10.9
29/01/2012,10,0,10.7
30/01/2012,11,4,15.4
31/01/2012,13,2,10.7
01/02/2012,14,5,8.9
02/02/2012,14,14,11.1
03/02/2012,14,14,11.7
04/02/2012,12,15,9.8
05/02/2012,17,10,16.3
06/02/2012,13,7,6.1
07/02/2012,14,9,5.4
08/02/2012,13,9,6.7
09/02/2012,9,4,9.3
10/02/2012,10,1,7.2
11/02/2012,11,12,8
12/02/2012,9,1,17.6
13/02/2012,13,12,21.1
14/02/2012,15,6,26.5
15/02/2012,13,4,18.7
16/02/2012,12,8,17
17/02/2012,13,13,26.9
18/02/2012,12,3,11.7
19/02/2012,10,4,11.1
20/02/2012,14,13,18.3
21/02/2012,14,7,15.6
22/02/2012,17,11,10.7
23/02/2012,17,3,20.6
24/02/2012,14,14,25
25/02/2012,10,5,8.1
26/02/2012,13,10,13.3
27/02/2012,16,2,15.7
28/02/2012,18,15,15.6
29/02/2012,20,8,8.1
01/03/2012,21,8,11.9
02/03/2012,22,6,21.9
03/03/2012,16,11,13.3
04/03/2012,11,15,7.8
05/03/2012,17,14,5.9
06/03/2012,19,5,18
07/03/2012,20,0,22.8
08/03/2012,20,4,20.4
09/03/2012,15,1,7.6
10/03/2012,17,1,17.8
11/03/2012,16,4,15
12/03/2012,17,13,13.1
13/03/2012,18,1,12.8
14/03/2012,20,15,13.5
15/03/2012,21,11,7.4
16/03/2012,22,6,15
17/03/2012,19,8,15.2
18/03/2012,18,7,17.6
19/03/2012,17,6,31.5
20/03/2012,15,9,19.6
21/03/2012,13,15,5.9
22/03/2012,17,5,14.4
23/03/2012,18,10,9.4
24/03/2012,19,2,8.3
25/03/2012,19,14,15.7
26/03/2012,20,12,13.5
27/03/2012,19,8,12.4
28/03/2012,19,5,17.2
29/03/2012,17,2,11.5
30/03/2012,18,11,14.4
31/03/2012,15,8,11.7
01/04/2012,16,5,8.1
02/04/2012,19,12,19.6
03/04/2012,19,1,19.1
04/04/2012,17,8,7.2
05/04/2012,19,10,10.6
06/04/2012,20,5,13.1
07/04/2012,19,12,9.4
08/04/2012,19,9,11.9
09/04/2012,20,11,11.3
10/04/2012,20,12,8.7
11/04/2012,21,3,12.4
12/04/2012,22,1,10.9
13/04/2012,21,9,15.7
14/04/2012,19,14,25.4
15/04/2012,19,12,23.7
16/04/2012,17,6,13.9
17/04/2012,19,0,10.2
18/04/2012,20,14,12.8
19/04/2012,20,12,15.4
20/04/2012,20,14,15.6
21/04/2012,18,4,9.4
22/04/2012,19,9,8
23/04/2012,21,10,8.5
24/04/2012,21,10,7.2
25/04/2012,23,11,5.7
26/04/2012,23,9,7.8
27/04/2012,23,11,7.2
28/04/2012,24,6,13.5
29/04/2012,23,9,18
30/04/2012,23,3,15.4
01/05/2012,23,6,6.1
02/05/2012,23,4,10.4
03/05/2012,24,8,10.9
04/05/2012,23,13,14.4
05/05/2012,18,6,9.4
06/05/2012,20,10,11.9
07/05/2012,22,0,13.1
08/05/2012,22,8,15.7
09/05/2012,21,2,21.1
10/05/2012,20,0,25.9
11/05/2012,18,12,13.1
12/05/2012,19,4,10.2
13/05/2012,22,10,12
14/05/2012,23,3,14.3
15/05/2012,22,0,15.7
16/05/2012,21,2,12.4
17/05/2012,22,12,8.1
18/05/2012,22,6,7.8
19/05/2012,21,14,8.1
20/05/2012,24,14,12
21/05/2012,24,12,13.5
22/05/2012,23,0,11.5
23/05/2012,24,8,10.7
24/05/2012,24,13,14.3
25/05/2012,21,11,18.1
26/05/2012,20,0,5
27/05/2012,24,15,8
28/05/2012,26,2,8.5
29/05/2012,27,2,10
30/05/2012,27,15,8.5
31/05/2012,26,7,11.1
01/06/2012,24,8,18.1
02/06/2012,20,4,9.3
03/06/2012,21,1,14.3
04/06/2012,23,14,9.6
05/06/2012,24,5,10.4
06/06/2012,23,4,12
07/06/2012,24,8,9.8
08/06/2012,24,3,12.8
09/06/2012,23,1,10.4
10/06/2012,23,10,10.4
11/06/2012,26,6,12.2
12/06/2012,27,9,14.6
13/06/2012,26,12,12
14/06/2012,25,2,10.6
15/06/2012,24,14,10.2
16/06/2012,23,7,13
17/06/2012,22,2,13
18/06/2012,25,4,11.5
19/06/2012,23,6,13.3
20/06/2012,26,12,15.7
21/06/2012,24,0,13.1
22/06/2012,20,9,17.4
23/06/2012,19,14,7.8
24/06/2012,20,6,9.3
25/06/2012,22,13,11.7
26/06/2012,24,6,13.1
27/06/2012,23,0,11.9
28/06/2012,23,10,7.6
29/06/2012,25,10,8.5
30/06/2012,25,2,11.5
01/07/2012,19,4,14.1
02/07/2012,20,4,7.8
03/07/2012,19,7,7.8
04/07/2012,20,14,8
05/07/2012,20,9,9.8
06/07/2012,21,7,12
07/07/2012,21,4,12.4
08/07/2012,19,14,10.2
09/07/2012,22,12,10.6
10/07/2012,23,15,10.9
11/07/2012,19,2,11.1
12/07/2012,19,10,6.3
13/07/2012,18,10,9.3
14/07/2012,19,8,5.9
15/07/2012,19,2,10
16/07/2012,20,3,6.5
17/07/2012,21,2,7
18/07/2012,20,8,11.1
19/07/2012,19,15,8.1
20/07/2012,18,5,5.4
21/07/2012,19,11,9.6
22/07/2012,20,11,8.5
23/07/2012,21,13,8.7
24/07/2012,21,4,8.7
25/07/2012,22,4,8.5
26/07/2012,21,6,9.8
27/07/2012,18,11,5.9
28/07/2012,19,7,8
29/07/2012,20,14,8.1
30/07/2012,21,1,6.7
31/07/2012,21,10,8.9
01/08/2012,22,12,10.6
02/08/2012,21,11,10.4
03/08/2012,22,15,8
04/08/2012,21,0,8.3
05/08/2012,20,5,9.1
06/08/2012,19,7,8.1
07/08/2012,19,7,8.1
08/08/2012,18,0,7.4
09/08/2012,18,11,9.1
10/08/2012,21,5,12.2
11/08/2012,21,8,12
12/08/2012,21,10,13.1
13/08/2012,20,0,13.9
14/08/2012,20,11,6.7
15/08/2012,20,11,7.4
16/08/2012,21,14,11.1
17/08/2012,20,1,7.2
18/08/2012,19,15,6.5
19/08/2012,21,0,6.5
20/08/2012,19,8,9.6
21/08/2012,19,3,8.5
22/08/2012,20,3,7
23/08/2012,20,4,7
24/08/2012,21,3,5.7
25/08/2012,19,13,3.9
26/08/2012,19,7,8.1
27/08/2012,20,10,6.7
28/08/2012,20,5,9.8
29/08/2012,20,1,9.3
30/08/2012,20,10,7
31/08/2012,19,2,9.3
01/09/2012,19,12,8.1
02/09/2012,20,12,7.4
03/09/2012,20,15,8.3
04/09/2012,20,10,5.6
05/09/2012,21,12,7.4
06/09/2012,19,3,8.1
07/09/2012,21,10,7.6
08/09/2012,20,14,10.6
09/09/2012,20,0,12.2
10/09/2012,20,6,9.6
11/09/2012,20,4,5.4
12/09/2012,20,2,6.9
13/09/2012,19,15,3.9
14/09/2012,17,12,8.5
15/09/2012,17,9,6.3
16/09/2012,18,11,7
17/09/2012,19,13,8
18/09/2012,18,7,5.7
19/09/2012,18,1,5.2
20/09/2012,18,12,8.9
21/09/2012,17,6,8.1
22/09/2012,16,3,6.7
23/09/2012,18,11,8
24/09/2012,19,14,6.9
25/09/2012,19,9,4.1
26/09/2012,19,13,5.9
27/09/2012,18,2,5.6
28/09/2012,16,4,4.8
29/09/2012,18,13,6.5
30/09/2012,19,4,7.8
01/10/2012,19,11,9.4
02/10/2012,18,12,11.3
03/10/2012,17,9,4.6
04/10/2012,18,8,6.3
05/10/2012,18,11,6.9
06/10/2012,17,11,5.4
07/10/2012,19,11,3.9
08/10/2012,19,7,4.8
09/10/2012,20,1,6.3
10/10/2012,20,3,5.9
11/10/2012,21,8,8.7
12/10/2012,22,12,7.4
13/10/2012,21,14,7.8
14/10/2012,20,0,5.7
15/10/2012,18,8,11.1
16/10/2012,19,8,7
17/10/2012,17,6,9.4
18/10/2012,19,5,4.3
19/10/2012,20,6,4.3
20/10/2012,19,11,2.4
21/10/2012,21,14,5.9
22/10/2012,22,10,3.1
23/10/2012,21,9,3.9
24/10/2012,22,15,5.6
25/10/2012,22,12,5.6
26/10/2012,23,12,5.2
27/10/2012,20,9,4.4
28/10/2012,20,8,7
29/10/2012,19,4,4.4
30/10/2012,19,8,5.4
31/10/2012,19,6,5.2
01/11/2012,20,12,4.4
02/11/2012,18,5,10
03/11/2012,16,12,7.2
04/11/2012,18,0,7.2
05/11/2012,18,6,7.2
06/11/2012,18,0,7.6
07/11/2012,18,10,5.2
08/11/2012,18,2,8.3
09/11/2012,18,12,5.9
10/11/2012,19,14,8
11/11/2012,21,5,6.1
12/11/2012,18,9,9.1
13/11/2012,19,6,9.1
14/11/2012,20,1,4.3
15/11/2012,19,4,4.4
16/11/2012,18,7,4.1
17/11/2012,18,7,5.2
18/11/2012,19,14,10.9
19/11/2012,17,4,5.4
20/11/2012,18,12,2.2
21/11/2012,18,15,9.1
22/11/2012,16,3,5.6
23/11/2012,14,9,6.5
24/11/2012,12,7,7
25/11/2012,13,4,4.1
26/11/2012,13,0,4.3
27/11/2012,12,5,5.4
28/11/2012,14,7,6.9
29/11/2012,15,0,4.3
30/11/2012,15,10,4.3
01/12/2012,14,11,4.3
02/12/2012,15,15,7.2
03/12/2012,16,10,4.8
04/12/2012,16,7,6.5
05/12/2012,14,0,5.6
06/12/2012,15,3,6.3
07/12/2012,16,5,11.5
08/12/2012,13,12,6.7
09/12/2012,16,0,13.1
10/12/2012,15,5,16.3
11/12/2012,13,15,13.9
12/12/2012,11,10,6.9
13/12/2012,13,8,12
14/12/2012,14,2,14.3
15/12/2012,13,14,14.1
16/12/2012,13,2,14.6
17/12/2012,13,1,6.9
18/12/2012,12,13,8.9
19/12/2012,15,8,20.6
20/12/2012,11,15,11.5
21/12/2012,10,6,4.3
22/12/2012,15,13,4.4
23/12/2012,12,8,1.1
24/12/2012,15,0,10.4
25/12/2012,16,3,9.6
26/12/2012,12,4,9.4
27/12/2012,12,3,22.4
28/12/2012,13,9,11.3
29/12/2012,12,14,3.7
30/12/2012,14,2,16.1
31/12/2012,12,1,18.7
01/01/2013,12,14,6.9
02/01/2013,13,4,8.1
03/01/2013,12,1,16.3
04/01/2013,14,7,20.7
05/01/2013,11,1,8.3
06/01/2013,9,0,4.4
07/01/2013,11,1,18
08/01/2013,13,12,36.3
09/01/2013,6,8,9.1
10/01/2013,9,9,9.4
11/01/2013,14,8,21.5
12/01/2013,14,11,22
13/01/2013,11,11,15.4
14/01/2013,14,10,24.4
15/01/2013,13,0,15.4
16/01/2013,5,8,8.1
17/01/2013,5,1,7.2
18/01/2013,6,4,5.9
19/01/2013,10,15,4.4
20/01/2013,13,3,3.1
21/01/2013,14,2,4.1
22/01/2013,12,10,9.6
23/01/2013,11,10,5.6
24/01/2013,14,15,3.7
25/01/2013,15,11,5.2
26/01/2013,14,5,8.5
27/01/2013,17,13,13
28/01/2013,16,3,25
29/01/2013,15,15,26.3
30/01/2013,14,4,9.6
31/01/2013,13,2,6.1
01/02/2013,16,9,7.4
02/02/2013,15,8,6.3
03/02/2013,17,0,7.2
04/02/2013,18,0,14.8
05/02/2013,17,1,16.5
06/02/2013,18,8,20.6
07/02/2013,18,0,18.5
08/02/2013,17,4,16.7
09/02/2013,15,4,19.6
10/02/2013,15,4,25
11/02/2013,15,4,30.2
12/02/2013,15,15,22.4
13/02/2013,16,11,22.6
14/02/2013,11,8,8.5
15/02/2013,12,7,6.1
16/02/2013,10,12,8.3
17/02/2013,14,6,11.7
18/02/2013,18,4,18.1
19/02/2013,18,1,15.7
20/02/2013,18,12,25.9
21/02/2013,18,10,28.3
22/02/2013,15,5,22.4
23/02/2013,15,2,15.4
24/02/2013,15,12,25.7
25/02/2013,15,12,17.8
26/02/2013,13,3,10.9
27/02/2013,18,9,9.3
28/02/2013,17,13,10.2
01/03/2013,11,3,12.2
02/03/2013,8,13,11.3
03/03/2013,12,3,5.2
04/03/2013,16,12,7.2
05/03/2013,15,3,7.4
06/03/2013,17,0,6.9
07/03/2013,19,8,20.6
08/03/2013,18,15,19.1
09/03/2013,16,11,20.7
10/03/2013,17,7,20.7
11/03/2013,11,10,12.2
12/03/2013,13,8,6.9
13/03/2013,15,0,8.9
14/03/2013,17,3,13.5
15/03/2013,16,1,8.7
16/03/2013,15,4,4.6
17/03/2013,18,11,17
18/03/2013,17,3,9.1
19/03/2013,19,9,9.3
20/03/2013,20,1,8.9
21/03/2013,22,12,16.3
22/03/2013,20,8,23.9
23/03/2013,19,1,23.5
24/03/2013,16,15,10
25/03/2013,18,9,11.3
26/03/2013,18,0,9.3
27/03/2013,18,4,16.5
28/03/2013,21,12,16.7
29/03/2013,21,8,12.8
30/03/2013,19,12,6.3
31/03/2013,22,15,10.2
01/04/2013,23,15,17.2
02/04/2013,21,10,18.9
03/04/2013,19,6,9.1
04/04/2013,19,2,9.8
05/04/2013,19,5,11.9
06/04/2013,22,2,15.6
07/04/2013,21,8,19.3
08/04/2013,21,11,22
09/04/2013,19,10,29.1
10/04/2013,19,6,28.9
11/04/2013,17,14,13.5
12/04/2013,19,4,21.3
13/04/2013,16,5,21.1
14/04/2013,17,1,14.3
15/04/2013,20,15,17
16/04/2013,21,0,17
17/04/2013,23,7,23
18/04/2013,22,8,18.3
19/04/2013,19,0,8.5
20/04/2013,17,14,12
21/04/2013,21,14,8.3
22/04/2013,22,14,11.1
23/04/2013,21,1,17.8
24/04/2013,20,9,10.7
25/04/2013,21,5,8.1
26/04/2013,23,5,10
27/04/2013,24,10,10.7
28/04/2013,23,2,18.5
29/04/2013,20,1,8.3
30/04/2013,20,3,8.7
01/05/2013,21,4,12.6
02/05/2013,22,1,7.4
03/05/2013,17,9,16.3
04/05/2013,19,1,15
05/05/2013,20,9,13.5
06/05/2013,22,0,13.9
07/05/2013,22,2,11.7
08/05/2013,23,12,10.4
09/05/2013,23,5,10.9
10/05/2013,22,9,23.3
11/05/2013,20,11,16.3
12/05/2013,19,7,13
13/05/2013,18,9,13.5
14/05/2013,21,14,13.5
15/05/2013,23,11,15.7
16/05/2013,22,1,9.4
17/05/2013,24,12,16.7
18/05/2013,24,5,13.1
19/05/2013,24,14,10.9
20/05/2013,24,12,15.4
21/05/2013,24,0,9.4
22/05/2013,25,2,7.8
23/05/2013,25,3,11.3
24/05/2013,25,11,8.7
25/05/2013,23,1,11.9
26/05/2013,22,11,9.1
27/05/2013,24,15,6.5
28/05/2013,25,1,16.3
29/05/2013,25,3,15.2
30/05/2013,25,5,13.3
31/05/2013,26,10,3
01/06/2013,26,12,11.1
02/06/2013,26,13,10.7
03/06/2013,26,7,11.1
04/06/2013,26,5,10
05/06/2013,27,8,9.8
06/06/2013,27,8,6.3
07/06/2013,27,9,9.3
08/06/2013,22,4,10
09/06/2013,23,10,11.3
10/06/2013,25,7,12.8
11/06/2013,21,0,10.6
12/06/2013,21,3,9.1
13/06/2013,22,4,10.9
14/06/2013,24,15,8.1
15/06/2013,22,4,11.9
16/06/2013,24,15,6.5
17/06/2013,24,13,10.4
18/06/2013,25,14,10.7
19/06/2013,25,7,10.4
20/06/2013,26,15,9.4
21/06/2013,25,14,7.6
22/06/2013,24,11,10.7
23/06/2013,25,0,9.1
24/06/2013,22,2,6.7
25/06/2013,23,8,8.9
26/06/2013,24,11,10.2
27/06/2013,23,12,10.4
28/06/2013,23,6,11.5
29/06/2013,24,13,12.6
30/06/2013,25,13,14.3
01/07/2013,23,10,10.7
02/07/2013,22,13,14.3
03/07/2013,19,8,7.6
04/07/2013,19,3,8.7
05/07/2013,21,15,10
06/07/2013,22,2,9.8
07/07/2013,22,12,7
08/07/2013,18,13,6.5
09/07/2013,19,15,9.1
10/07/2013,17,15,5.4
11/07/2013,18,1,5.4
12/07/2013,19,0,6.1
13/07/2013,19,2,6.3
14/07/2013,21,4,6.9
15/07/2013,23,6,7
16/07/2013,21,5,5.7
17/07/2013,19,11,5.7
18/07/2013,19,10,7.2
19/07/2013,20,15,9.8
20/07/2013,19,9,11.1
21/07/2013,20,5,7.6
22/07/2013,19,11,7
23/07/2013,19,5,5
24/07/2013,21,12,4.4
25/07/2013,22,7,5.7
26/07/2013,23,6,5.2
27/07/2013,22,13,5.9
28/07/2013,20,1,6.5
29/07/2013,21,11,7.4
30/07/2013,21,5,6.9
31/07/2013,23,5,8.1
01/08/2013,22,7,7.8
02/08/2013,23,1,7.6
03/08/2013,21,11,7
04/08/2013,21,2,7.8
05/08/2013,22,1,6.5
06/08/2013,23,2,6.5
07/08/2013,23,11,4.6
08/08/2013,22,5,8.9
09/08/2013,20,8,7
10/08/2013,20,5,10.4
11/08/2013,19,11,9.6
12/08/2013,20,11,7
13/08/2013,21,13,6.9
14/08/2013,24,14,9.4
15/08/2013,22,11,9.3
16/08/2013,22,6,8
17/08/2013,21,12,11.3
18/08/2013,22,11,10.9
19/08/2013,21,12,15.4
20/08/2013,20,12,8.3
21/08/2013,20,1,9.1
22/08/2013,19,6,10.4
23/08/2013,19,2,8.7
24/08/2013,19,4,5.4
25/08/2013,18,0,8.1
26/08/2013,18,2,5.7
27/08/2013,18,3,8.7
28/08/2013,19,9,9.6
29/08/2013,19,14,5.9
30/08/2013,18,12,6.9
31/08/2013,18,2,3.5
01/09/2013,21,5,7.8
02/09/2013,21,7,8.9
03/09/2013,20,13,9.1
04/09/2013,20,12,12.2
05/09/2013,19,1,12.2
06/09/2013,19,15,6.5
07/09/2013,19,4,10
08/09/2013,21,5,6.5
09/09/2013,19,4,3.7
10/09/2013,21,15,3.3
11/09/2013,20,6,6.9
12/09/2013,20,4,11.1
13/09/2013,20,8,9.8
14/09/2013,17,11,9.6
15/09/2013,17,15,12.2
16/09/2013,17,11,13.1
17/09/2013,18,4,12
18/09/2013,20,15,5.6
19/09/2013,21,11,7
20/09/2013,21,6,10.4
21/09/2013,19,12,6.1
22/09/2013,19,13,7.4
23/09/2013,21,10,6.1
24/09/2013,21,5,10.2
25/09/2013,20,7,4.8
26/09/2013,20,6,5.4
27/09/2013,21,3,5.4
28/09/2013,19,1,5.1
29/09/2013,19,3,3.9
30/09/2013,20,13,3.3
01/10/2013,21,4,2.1
02/10/2013,21,4,2.1
03/10/2013,20,8,3.6
04/10/2013,22,6,4.1
05/10/2013,20,11,3.5
06/10/2013,19,3,5
07/10/2013,18,8,4.7
08/10/2013,18,13,2.3
09/10/2013,20,3,5
10/10/2013,20,9,3.4
11/10/2013,19,13,3.8
12/10/2013,19,8,1.9
13/10/2013,19,1,3.2
14/10/2013,20,13,2.9
15/10/2013,21,14,3.9
16/10/2013,20,5,1.3
17/10/2013,19,9,3.3
18/10/2013,18,2,2.7
19/10/2013,17,0,1.8
20/10/2013,17,1,4.1
21/10/2013,17,13,3.4
22/10/2013,17,6,2.8
23/10/2013,17,6,2.7
24/10/2013,17,2,2.6
25/10/2013,17,15,1.5
26/10/2013,15,0,2.1
27/10/2013,18,2,2.2
28/10/2013,19,3,5.5
29/10/2013,20,15,4.7
30/10/2013,19,13,4.7
31/10/2013,20,15,7.4
01/11/2013,20,5,4.1
02/11/2013,18,2,5.5
03/11/2013,18,4,8.5
04/11/2013,18,2,8
05/11/2013,17,9,5.9
06/11/2013,16,11,4.7
07/11/2013,15,11,4.8
08/11/2013,12,4,1.7
09/11/2013,15,0,1.3
10/11/2013,16,11,3.7
11/11/2013,17,11,2.7
12/11/2013,16,7,6.8
13/11/2013,12,0,13.7
14/11/2013,13,1,4.9
15/11/2013,14,6,7.1
16/11/2013,17,4,9.3
17/11/2013,17,1,7.4
18/11/2013,19,4,4
19/11/2013,19,8,6.9
20/11/2013,18,5,7.2
21/11/2013,22,12,11.2
22/11/2013,11,6,5.5
23/11/2013,16,13,4.5
24/11/2013,16,1,7.9
25/11/2013,15,1,7.6
26/11/2013,9,7,10.5
27/11/2013,6,0,9.3
28/11/2013,11,15,6.7
29/11/2013,16,2,5
30/11/2013,12,0,5.2
01/12/2013,11,3,9.4
02/12/2013,13,9,5.1
03/12/2013,15,6,9.9
04/12/2013,17,6,17.6
05/12/2013,15,11,13.6
06/12/2013,17,1,15.9
07/12/2013,15,3,15.2
08/12/2013,15,2,19.5
09/12/2013,19,13,24.7
10/12/2013,14,3,13.6
11/12/2013,19,5,9
12/12/2013,11,12,4.4
13/12/2013,16,0,15
14/12/2013,16,8,15.2
15/12/2013,7,14,4.4
16/12/2013,9,10,4.5
17/12/2013,6,5,2.1
18/12/2013,16,1,8.1
19/12/2013,19,3,13.5
20/12/2013,16,5,19.7
21/12/2013,14,10,31
22/12/2013,12,12,8.4
23/12/2013,11,14,6.6
24/12/2013,10,7,7
25/12/2013,11,10,8.7
26/12/2013,9,15,6.5
27/12/2013,10,7,8.9
28/12/2013,10,11,9.9
29/12/2013,11,15,12.8
30/12/2013,10,11,12.6
31/12/2013,7,6,10.4
01/01/2014,10,11,4.5
02/01/2014,12,7,8.9
03/01/2014,13,10,5.9
04/01/2014,12,11,12.4
05/01/2014,14,8,7.3
06/01/2014,13,9,8.8
07/01/2014,12,15,7.7
08/01/2014,12,7,11.8
09/01/2014,12,3,8.3
10/01/2014,12,0,15.7
11/01/2014,11,1,7.3
12/01/2014,12,13,15.2
13/01/2014,10,4,7.5
14/01/2014,10,3,6.4
15/01/2014,9,12,4.5
16/01/2014,10,9,2.7
17/01/2014,11,3,3.8
18/01/2014,11,0,4.1
19/01/2014,11,14,5
20/01/2014,12,0,3.7
21/01/2014,13,5,8.6
22/01/2014,13,9,7.9
23/01/2014,18,3,10.8
24/01/2014,14,8,5.2
25/01/2014,14,0,4.7
26/01/2014,16,8,12.2
27/01/2014,16,0,14.3
28/01/2014,18,2,22.8
29/01/2014,16,3,14.2
30/01/2014,17,9,8.6
31/01/2014,16,2,14.9
01/02/2014,15,3,17.5
02/02/2014,17,1,18.1
03/02/2014,15,2,17.9
04/02/2014,17,2,23.3
05/02/2014,15,13,15.7
06/02/2014,17,5,18.3
07/02/2014,17,4,16.3
08/02/2014,15,7,6.4
09/02/2014,16,0,5.6
10/02/2014,18,1,5.7
11/02/2014,20,7,18.5
12/02/2014,15,3,5.7
13/02/2014,16,14,2.5
14/02/2014,17,10,5.5
15/02/2014,18,2,4.2
16/02/2014,18,0,5.1
17/02/2014,18,15,5.6
18/02/2014,18,5,5.3
19/02/2014,20,2,18.8
20/02/2014,18,13,13.2
21/02/2014,15,7,10.4
22/02/2014,17,6,14.1
23/02/2014,18,11,13.9
24/02/2014,18,1,17.5
25/02/2014,18,4,14.4
26/02/2014,17,0,5.7
27/02/2014,16,3,6
28/02/2014,18,2,7.4
01/03/2014,20,4,14.7
02/03/2014,20,15,17.4
03/03/2014,17,4,13.5
04/03/2014,18,0,12.1
05/03/2014,17,14,13.1
06/03/2014,16,6,8.3
07/03/2014,19,4,20.3
08/03/2014,18,2,26
09/03/2014,16,0,25.4
10/03/2014,14,11,20.1
11/03/2014,15,7,8.1
12/03/2014,18,6,6.1
13/03/2014,18,10,8.7
14/03/2014,20,13,23.4
15/03/2014,19,12,21.4
16/03/2014,14,13,17.4
17/03/2014,11,4,14.8
18/03/2014,16,0,12.5
19/03/2014,18,12,11.1
20/03/2014,19,9,7
21/03/2014,22,11,13.5
22/03/2014,21,5,16.6
23/03/2014,21,8,10.5
24/03/2014,22,7,8.7
25/03/2014,21,2,8.9
26/03/2014,20,5,21.3
27/03/2014,19,7,23.2
28/03/2014,20,13,15.9
29/03/2014,19,2,9.3
30/03/2014,21,4,13.7
31/03/2014,21,12,16.3
01/04/2014,21,0,22.8
02/04/2014,21,14,20
03/04/2014,21,1,26.8
04/04/2014,19,1,14.3
05/04/2014,22,3,26.5
06/04/2014,20,6,29.2
07/04/2014,17,1,22.5
08/04/2014,16,9,12.7
09/04/2014,18,9,8
10/04/2014,22,1,6.1
11/04/2014,24,5,24
12/04/2014,25,12,25
13/04/2014,27,14,34.1
14/04/2014,23,9,15
15/04/2014,19,6,9.9
16/04/2014,20,7,18.5
17/04/2014,21,9,13.6
18/04/2014,21,9,10
19/04/2014,23,3,22.5
20/04/2014,23,6,17
21/04/2014,23,8,12.5
22/04/2014,22,8,7.2
23/04/2014,24,13,15.3
24/04/2014,23,15,13.7
25/04/2014,24,6,16.9
26/04/2014,23,4,22.1
27/04/2014,21,6,22.5
28/04/2014,23,9,10.8
29/04/2014,23,8,9.5
30/04/2014,22,6,11.3
01/05/2014,23,15,22
02/05/2014,17,12,16
03/05/2014,18,5,9.1
04/05/2014,21,10,9
05/05/2014,23,0,10.1
06/05/2014,24,6,12.8
07/05/2014,22,3,18.7
08/05/2014,21,13,13.2
09/05/2014,22,0,12.5
10/05/2014,24,0,13.1
11/05/2014,25,5,20.8
12/05/2014,23,0,12.1
13/05/2014,24,8,12.2
14/05/2014,18,1,16.4
15/05/2014,19,13,10.9
16/05/2014,22,1,7.5
17/05/2014,22,7,8.4
18/05/2014,26,1,7
19/05/2014,25,15,9
20/05/2014,24,10,12.2
21/05/2014,23,15,11.7
22/05/2014,23,12,8
23/05/2014,22,6,9.9
24/05/2014,23,15,14.7
25/05/2014,23,6,12.9
26/05/2014,22,4,10.5
27/05/2014,25,9,10.6
28/05/2014,25,10,10.2
29/05/2014,22,4,11.7
30/05/2014,23,5,6.7
31/05/2014,25,10,14.5
01/06/2014,26,1,19.1
02/06/2014,27,1,20.4
03/06/2014,26,8,19.3
04/06/2014,26,7,9.8
05/06/2014,28,12,10.9
06/06/2014,27,0,11.5
07/06/2014,27,2,13.9
08/06/2014,26,0,9.5
09/06/2014,23,15,12.7
10/06/2014,23,7,12.4
11/06/2014,26,10,10.2
12/06/2014,26,6,7.8
13/06/2014,27,10,8.6
14/06/2014,24,1,11.7
15/06/2014,23,11,7.5
16/06/2014,23,0,9.6
17/06/2014,23,3,7.9
18/06/2014,23,13,11.7
19/06/2014,21,2,11.7
20/06/2014,18,5,11
21/06/2014,21,0,7
22/06/2014,20,2,9.7
23/06/2014,21,2,4.8
24/06/2014,23,9,12.3
25/06/2014,24,15,9.1
26/06/2014,25,0,10.8
27/06/2014,25,8,10
28/06/2014,25,10,10.6
29/06/2014,25,14,11.8
30/06/2014,23,8,8.5
01/07/2014,21,5,9.3
02/07/2014,20,13,10.5
03/07/2014,21,15,9.3
04/07/2014,20,3,9.3
05/07/2014,20,11,7.5
06/07/2014,21,14,9.8
07/07/2014,21,0,6.1
08/07/2014,20,12,9.9
09/07/2014,19,11,7.1
10/07/2014,19,11,7.8
11/07/2014,19,8,10.8
12/07/2014,19,11,9.7
13/07/2014,19,1,8.7
14/07/2014,19,10,5.2
15/07/2014,20,6,8.5
16/07/2014,19,5,10
17/07/2014,21,8,9.6
18/07/2014,23,8,8.7
19/07/2014,20,4,9
20/07/2014,21,10,7.6
21/07/2014,21,11,5.8
22/07/2014,20,0,4
23/07/2014,21,3,8
24/07/2014,22,2,10
25/07/2014,23,4,7
26/07/2014,24,9,8
27/07/2014,25,0,9
28/07/2014,22,1,10
29/07/2014,23,8,6.5
30/07/2014,23,1,7.2
31/07/2014,23,5,8.7
01/08/2014,22,5,13.1
02/08/2014,19,7,9.1
03/08/2014,20,14,10.3
04/08/2014,20,5,9.1
05/08/2014,19,15,7
06/08/2014,19,4,4.6
07/08/2014,20,1,9.5
08/08/2014,20,0,8.4
09/08/2014,19,2,11.2
10/08/2014,19,7,8.5
11/08/2014,20,4,7.4
12/08/2014,22,8,10.5
13/08/2014,21,6,12.9
14/08/2014,20,4,8.6
15/08/2014,18,15,9.1
16/08/2014,18,7,8
17/08/2014,23,4,8.8
18/08/2014,20,9,9.5
19/08/2014,19,5,7
20/08/2014,19,14,7.6
21/08/2014,20,14,8.3
22/08/2014,18,12,7.1
23/08/2014,19,15,6.8
24/08/2014,22,2,7.9
25/08/2014,21,12,7.8
26/08/2014,21,5,10.1
27/08/2014,22,13,9.1
28/08/2014,22,1,8.4
29/08/2014,22,5,8.1
30/08/2014,22,6,10.6
31/08/2014,22,15,8.6
01/09/2014,23,14,8.2
02/09/2014,22,0,7.1
03/09/2014,21,8,8.3
04/09/2014,18,15,11.4
05/09/2014,19,9,8.5
06/09/2014,18,1,5
07/09/2014,21,11,9.2
08/09/2014,22,5,9.1
09/09/2014,20,10,3.2
10/09/2014,22,10,7.3
11/09/2014,21,4,8.2
12/09/2014,21,5,8.6
13/09/2014,19,6,12.8
14/09/2014,19,14,13.1
15/09/2014,19,14,7.1
16/09/2014,19,5,3.1
17/09/2014,21,9,5
18/09/2014,21,0,8
19/09/2014,22,13,8.3
20/09/2014,21,14,8.1
21/09/2014,21,0,7.6
22/09/2014,19,12,8
23/09/2014,19,10,6.5
24/09/2014,19,10,7.5
25/09/2014,18,11,7.7
26/09/2014,18,4,5.6
27/09/2014,19,5,4.9
28/09/2014,19,9,5.2
29/09/2014,20,15,6.3
30/09/2014,19,10,5.1
01/10/2014,21,2,5.9
02/10/2014,20,8,7.1
03/10/2014,20,9,8.3
04/10/2014,18,9,8.3
05/10/2014,20,14,4.4
06/10/2014,20,5,7.3
07/10/2014,20,2,4.8
08/10/2014,20,5,5
09/10/2014,19,1,3.3
10/10/2014,20,2,3.6
11/10/2014,20,14,6
12/10/2014,20,12,7
13/10/2014,19,10,11.1
14/10/2014,17,1,7.1
15/10/2014,17,7,6.2
16/10/2014,18,8,4.4
17/10/2014,19,4,4.7
18/10/2014,17,15,6.3
19/10/2014,19,7,5.7
20/10/2014,20,10,9
21/10/2014,18,5,6.3
22/10/2014,17,11,7.3
23/10/2014,17,6,9.2
24/10/2014,18,4,6
25/10/2014,16,0,4.6
26/10/2014,18,15,4.8
27/10/2014,17,11,5.9
28/10/2014,18,7,5.5
29/10/2014,18,14,4.2
30/10/2014,13,2,5.9
31/10/2014,14,10,6.2
01/11/2014,19,10,7.2
02/11/2014,20,8,7.2
03/11/2014,21,0,7.2
04/11/2014,14,13,6.8
05/11/2014,12,9,6.6
06/11/2014,11,5,7.5
07/11/2014,12,13,4.6
08/11/2014,13,2,5.4
09/11/2014,13,12,4.9
10/11/2014,15,3,9.6
11/11/2014,16,5,8.7
12/11/2014,14,10,4.3
13/11/2014,16,1,8.3
14/11/2014,14,12,7.3
15/11/2014,15,2,12.4
16/11/2014,15,5,15.4
17/11/2014,13,1,8.8
18/11/2014,12,4,10.3
19/11/2014,12,2,6.5
20/11/2014,13,6,9.9
21/11/2014,13,0,11.1
22/11/2014,14,2,22.5
23/11/2014,15,13,11.5
24/11/2014,15,8,11.6
25/11/2014,11,1,14.4
26/11/2014,8,5,4.5
27/11/2014,9,6,5.7
28/11/2014,9,8,5.7
29/11/2014,8,11,5.4
30/11/2014,13,14,6.9
01/12/2014,11,1,6.7
02/12/2014,12,4,3.1
03/12/2014,14,12,5
04/12/2014,15,14,4.6
05/12/2014,16,1,6.1
06/12/2014,14,7,5.1
07/12/2014,14,7,4.8
08/12/2014,15,9,7.9
09/12/2014,14,13,4.6
10/12/2014,15,11,4.4
11/12/2014,14,0,9
12/12/2014,12,9,5
13/12/2014,11,14,5.3
14/12/2014,13,4,11.3
15/12/2014,11,11,6.5
16/12/2014,13,1,6.6
17/12/2014,15,11,14.3
18/12/2014,13,11,12.6
19/12/2014,12,13,10.6
20/12/2014,10,10,9
21/12/2014,11,9,11.2
22/12/2014,13,7,13.4
23/12/2014,15,1,18.2
24/12/2014,7,8,7.9
25/12/2014,9,3,11.4
26/12/2014,13,12,20.8
27/12/2014,11,2,15.5
28/12/2014,11,8,8.9
29/12/2014,11,5,5.7
30/12/2014,12,1,10.7
31/12/2014,13,14,10.5
01/01/2015,15,13,15.4
02/01/2015,13,8,26.5
03/01/2015,11,2,17.1
04/01/2015,7,12,8.9
05/01/2015,10,8,5.6
06/01/2015,12,7,6.1
07/01/2015,14,13,6.8
08/01/2015,12,11,8.9
09/01/2015,11,4,9.6
10/01/2015,10,14,10.8
11/01/2015,10,4,9.2
12/01/2015,10,9,7
13/01/2015,10,9,6.7
14/01/2015,14,13,10.2
15/01/2015,13,2,8.8
16/01/2015,11,0,4.7
17/01/2015,14,9,9.6
18/01/2015,14,12,3.8
19/01/2015,16,13,4.9
20/01/2015,16,6,6.4
21/01/2015,17,0,14.3
22/01/2015,15,3,17.9
23/01/2015,10,9,9.7
24/01/2015,9,1,7.2
25/01/2015,9,12,6.5
26/01/2015,11,0,4.9
27/01/2015,13,10,4.3
28/01/2015,16,5,3.9
29/01/2015,16,6,5.6
30/01/2015,16,8,10.4
31/01/2015,13,8,14.4
01/02/2015,9,14,6.1
02/02/2015,7,8,11.6
03/02/2015,7,12,7.9
04/02/2015,9,12,4.2
05/02/2015,9,6,5.9
06/02/2015,11,3,5.8
07/02/2015,12,9,4.6
08/02/2015,15,5,5.4
09/02/2015,14,5,7.4
10/02/2015,14,15,5.6
11/02/2015,15,6,6.5
12/02/2015,14,11,13.1
13/02/2015,11,8,10.8
14/02/2015,12,6,6.8
15/02/2015,14,11,12
16/02/2015,15,2,17.8
17/02/2015,15,4,10.1
18/02/2015,15,5,5.4
19/02/2015,16,0,8.3
20/02/2015,17,9,8.7
21/02/2015,18,12,10.6
22/02/2015,17,8,4.7
23/02/2015,18,12,9
24/02/2015,18,6,14.2
25/02/2015,18,4,19.6
26/02/2015,15,13,11.6
27/02/2015,16,12,15.6
28/02/2015,14,0,13.2
01/03/2015,17,10,14.6
02/03/2015,17,3,10.2
03/03/2015,18,2,19.7
04/03/2015,16,10,20.7
05/03/2015,13,7,10.2
06/03/2015,14,1,8.5
07/03/2015,15,10,6.3
08/03/2015,16,1,7.1
09/03/2015,14,14,12.9
10/03/2015,14,10,12.3
11/03/2015,12,8,11.8
12/03/2015,11,1,9.5
13/03/2015,11,13,11.1
14/03/2015,9,8,14.5
15/03/2015,12,14,14.7
16/03/2015,8,6,9.3
17/03/2015,9,14,6.3
18/03/2015,14,2,9.8
19/03/2015,15,1,10.8
20/03/2015,16,9,11
21/03/2015,16,2,18.6
22/03/2015,14,9,8.2
23/03/2015,16,11,5.2
24/03/2015,18,14,8.2
25/03/2015,18,0,16.1
26/03/2015,17,2,12.2
27/03/2015,17,13,10
28/03/2015,17,1,7.5
29/03/2015,19,10,7.9
30/03/2015,19,11,7.7
31/03/2015,20,6,14
01/04/2015,18,2,14.6
02/04/2015,20,11,8.7
03/04/2015,21,3,9.7
04/04/2015,22,11,8.2
05/04/2015,21,13,10.4
06/04/2015,21,7,8.2
07/04/2015,23,5,6.1
08/04/2015,22,2,9.5
09/04/2015,21,15,6.7
10/04/2015,21,10,6.8
11/04/2015,19,14,6.6
12/04/2015,21,11,21.4
13/04/2015,18,4,16.9
14/04/2015,18,6,14.2
15/04/2015,19,3,18.5
16/04/2015,19,5,23.5
17/04/2015,17,7,19.3
18/04/2015,18,8,23.5
19/04/2015,19,15,11.7
20/04/2015,21,4,16.6
21/04/2015,21,1,20.4
22/04/2015,21,14,19.3
23/04/2015,22,6,20.6
24/04/2015,21,6,22.6
25/04/2015,22,0,21
26/04/2015,22,1,21.6
27/04/2015,20,9,21.1
28/04/2015,18,2,10.3
29/04/2015,17,3,8.2
30/04/2015,18,6,14.1
01/05/2015,19,2,8.4
02/05/2015,22,6,10.7
03/05/2015,21,9,18.9
04/05/2015,22,0,22.6
05/05/2015,22,4,17.9
06/05/2015,21,12,19
07/05/2015,23,0,18.6
08/05/2015,23,12,14.6
09/05/2015,25,6,18.1
10/05/2015,23,9,16
11/05/2015,23,4,11.8
12/05/2015,21,8,10
13/05/2015,23,9,10.3
14/05/2015,22,9,7.5
15/05/2015,19,14,14.9
16/05/2015,22,12,18.8
17/05/2015,21,2,12.9
18/05/2015,24,14,11.8
19/05/2015,26,8,17.1
20/05/2015,25,12,12.3
21/05/2015,25,11,7.5
22/05/2015,22,0,10
23/05/2015,24,2,19.1
24/05/2015,23,11,22.5
25/05/2015,23,5,17.4
26/05/2015,24,2,12.5
27/05/2015,24,15,11.9
28/05/2015,24,8,12.2
29/05/2015,25,8,10.5
30/05/2015,24,1,8.9
31/05/2015,22,5,11.4
01/06/2015,23,10,9.6
02/06/2015,24,15,9.9
03/06/2015,25,8,6.7
04/06/2015,26,15,8.5
05/06/2015,26,9,9.6
06/06/2015,24,2,11.1
07/06/2015,22,15,8.5
08/06/2015,23,0,14
09/06/2015,24,14,8.9
10/06/2015,23,9,7.5
11/06/2015,24,8,8
12/06/2015,22,4,12.3
13/06/2015,25,3,11.5
14/06/2015,23,12,10.7
15/06/2015,21,13,9.2
16/06/2015,20,10,10.2
17/06/2015,20,6,4.5
18/06/2015,19,4,9
19/06/2015,19,9,8.9
20/06/2015,18,13,7.5
21/06/2015,21,1,7.5
22/06/2015,21,7,11.3
23/06/2015,21,10,11.1
24/06/2015,20,1,11.5
25/06/2015,20,9,5.9
26/06/2015,22,0,7.1
27/06/2015,21,7,11.5
28/06/2015,19,14,8.8
29/06/2015,18,3,7.2
30/06/2015,18,11,8.1
01/07/2015,18,9,5.9
02/07/2015,19,9,4.4
03/07/2015,18,1,3.4
04/07/2015,21,3,8.3
05/07/2015,22,9,8.1
06/07/2015,21,5,7.8
07/07/2015,20,11,8.5
08/07/2015,20,12,7.2
09/07/2015,21,10,8.7
10/07/2015,22,5,8.5
11/07/2015,22,1,10.9
12/07/2015,22,14,11
13/07/2015,23,13,10.2
14/07/2015,23,6,6
15/07/2015,24,2,6.6
16/07/2015,22,10,9.8
17/07/2015,19,8,9.6
18/07/2015,21,11,8.5
19/07/2015,22,3,9.9
20/07/2015,20,8,12.4
21/07/2015,21,7,7.9
22/07/2015,19,9,8
23/07/2015,20,2,5.6
24/07/2015,20,11,7.7
25/07/2015,18,2,7.5
26/07/2015,21,12,7.2
27/07/2015,22,5,9.7
28/07/2015,22,5,7.4
29/07/2015,22,15,6.3
30/07/2015,22,2,8.8
31/07/2015,22,10,10.9
01/08/2015,24,14,9.3
02/08/2015,23,8,7.5
03/08/2015,22,0,7.7
04/08/2015,22,14,10.5
05/08/2015,23,14,8.4
06/08/2015,23,10,7.3
07/08/2015,23,11,10.2
08/08/2015,22,6,9.6
09/08/2015,22,12,8.4
10/08/2015,23,3,9.3
11/08/2015,22,6,8.9
12/08/2015,23,1,12.4
13/08/2015,22,15,12.2
14/08/2015,24,15,11.4
15/08/2015,25,13,13.1
16/08/2015,24,6,8.8
17/08/2015,23,12,8.5
18/08/2015,22,5,11.4
19/08/2015,21,9,10.2
20/08/2015,20,3,10
21/08/2015,21,12,7.1
22/08/2015,20,11,6
23/08/2015,21,12,7.7
24/08/2015,21,1,9.5
25/08/2015,23,13,9
26/08/2015,24,10,11.7
27/08/2015,22,5,9.9
28/08/2015,22,0,17.8
29/08/2015,23,0,8.9
30/08/2015,23,10,7.5
31/08/2015,23,14,7.1
01/09/2015,23,10,6.7
02/09/2015,24,12,11.1
03/09/2015,24,3,4.9
04/09/2015,24,3,5.2
05/09/2015,25,3,10.5
06/09/2015,24,5,9.5
07/09/2015,24,12,7.3
08/09/2015,24,13,13.1
09/09/2015,23,13,8.1
10/09/2015,22,8,8.2
11/09/2015,19,14,6.4
12/09/2015,20,3,11
13/09/2015,18,7,9.2
14/09/2015,20,6,4.9
15/09/2015,19,0,7.9
16/09/2015,20,10,5.1
17/09/2015,21,8,8.3
18/09/2015,21,0,6.5
19/09/2015,22,15,6.2
20/09/2015,24,14,12.2
21/09/2015,22,4,8.2
22/09/2015,21,13,9
23/09/2015,22,8,6.3
24/09/2015,22,15,5.8
25/09/2015,21,4,11
26/09/2015,20,13,10.1
27/09/2015,20,1,6.1
28/09/2015,20,6,6.5
29/09/2015,21,5,8.8
30/09/2015,21,0,9.6
01/10/2015,21,8,10.3
02/10/2015,22,4,7.8
03/10/2015,19,6,7.4
04/10/2015,16,2,11.2
05/10/2015,19,14,7
06/10/2015,20,2,7.3
07/10/2015,20,11,6.2
08/10/2015,20,11,13.2
09/10/2015,18,14,5.3
10/10/2015,17,2,11
11/10/2015,18,6,3.4
12/10/2015,22,15,7.5
13/10/2015,21,15,6.6
14/10/2015,21,4,7.2
15/10/2015,22,15,8.2
16/10/2015,20,7,8
17/10/2015,20,11,11.4
18/10/2015,20,14,8
19/10/2015,20,8,5
20/10/2015,22,0,9.6
21/10/2015,21,0,9.2
22/10/2015,22,2,13.2
23/10/2015,18,6,10.1
24/10/2015,18,10,8.7
25/10/2015,16,1,10.4
26/10/2015,15,0,5.3
27/10/2015,18,4,6.9
28/10/2015,19,9,6.6
29/10/2015,18,4,16.3
30/10/2015,17,13,20.2
31/10/2015,18,5,21
01/11/2015,14,9,6.1
02/11/2015,15,1,2.8
03/11/2015,17,5,8.8
04/11/2015,17,2,13.1
05/11/2015,20,5,12.2
06/11/2015,21,1,5.7
07/11/2015,20,3,6.4
08/11/2015,19,2,6.2
09/11/2015,18,14,10.1
10/11/2015,20,0,7.2
11/11/2015,19,12,6.8
12/11/2015,20,6,7.4
13/11/2015,20,6,6.2
14/11/2015,18,12,6.9
15/11/2015,19,6,9.1
16/11/2015,19,10,14.9
17/11/2015,20,5,22
18/11/2015,14,6,6.8
19/11/2015,17,9,5.9
20/11/2015,18,0,5.9
21/11/2015,18,7,5.6
22/11/2015,16,6,2.8
23/11/2015,17,14,5.3
24/11/2015,20,2,4.8
25/11/2015,19,15,8
26/11/2015,17,0,6.4
27/11/2015,17,5,13.8
28/11/2015,17,1,9.5
29/11/2015,20,8,12.2
30/11/2015,17,6,8
01/12/2015,19,5,12
02/12/2015,15,11,9
03/12/2015,12,11,6.3
04/12/2015,14,3,3.5
05/12/2015,15,7,4.6
06/12/2015,16,7,8.5
07/12/2015,13,10,4.9
08/12/2015,14,15,3
09/12/2015,14,3,3
10/12/2015,13,11,5.9
11/12/2015,14,8,9.9
12/12/2015,14,0,16.7
13/12/2015,15,7,16.7
14/12/2015,12,6,14.5
15/12/2015,13,15,16.7
16/12/2015,12,15,18.8
17/12/2015,11,2,9.4
18/12/2015,11,6,5.9
19/12/2015,12,11,6.1
20/12/2015,16,14,8.8
21/12/2015,16,9,5.8
22/12/2015,16,14,21.8
23/12/2015,16,13,24.4
24/12/2015,15,13,14.6
25/12/2015,15,11,12.6
26/12/2015,15,7,29.6
27/12/2015,15,9,43
28/12/2015,9,15,12
29/12/2015,17,12,29.8
30/12/2015,15,12,13
31/12/2015,16,14,9.6
01/01/2016,16,6,8.7
02/01/2016,12,8,7.5
03/01/2016,11,9,6
04/01/2016,10,9,6.2
05/01/2016,14,4,18.4
06/01/2016,12,7,23.9
07/01/2016,12,10,14.6
08/01/2016,12,2,26.8
09/01/2016,10,3,11.9
10/01/2016,12,8,9.4
11/01/2016,12,12,12.3
12/01/2016,10,3,6.2
13/01/2016,10,14,9.5
14/01/2016,12,11,10.6
15/01/2016,11,13,8.4
16/01/2016,13,14,10.5
17/01/2016,12,0,13.3
18/01/2016,11,1,5.1
19/01/2016,12,4,4
20/01/2016,13,9,6.5
21/01/2016,14,10,8.9
22/01/2016,11,13,6.7
23/01/2016,12,13,5.1
24/01/2016,15,10,17.5
25/01/2016,12,1,11.7
26/01/2016,11,3,14.7
27/01/2016,7,15,17.1
28/01/2016,5,13,6.9
29/01/2016,11,2,6.2
30/01/2016,15,11,16.8
31/01/2016,15,8,8
01/02/2016,18,4,19.9
02/02/2016,16,5,21.8
03/02/2016,12,8,9.3
04/02/2016,12,6,5.9
05/02/2016,13,8,11.1
06/02/2016,13,8,9.8
07/02/2016,13,10,6.4
08/02/2016,15,13,7.1
09/02/2016,14,9,6.6
10/02/2016,13,7,5.6
11/02/2016,15,10,7.1
12/02/2016,15,12,8.6
13/02/2016,15,0,6
14/02/2016,17,4,6.1
15/02/2016,16,4,9.2
16/02/2016,17,5,7.1
17/02/2016,17,15,6.5
18/02/2016,19,14,5.6
19/02/2016,20,14,5.3
20/02/2016,21,1,4.6
21/02/2016,21,6,5
22/02/2016,20,13,8
23/02/2016,20,14,13.6
24/02/2016,15,8,12.3
25/02/2016,16,13,13
26/02/2016,17,6,7.2
27/02/2016,17,6,13.7
28/02/2016,11,6,6.1
29/02/2016,17,6,8.8
01/03/2016,18,7,6.2
02/03/2016,18,10,4.4
03/03/2016,19,10,8.2
04/03/2016,19,9,6.8
05/03/2016,20,8,8.3
06/03/2016,20,4,16.6
07/03/2016,17,9,31.5
08/03/2016,13,2,35.3
09/03/2016,6,10,17.1
10/03/2016,4,11,9.8
11/03/2016,8,3,8
12/03/2016,16,6,8
13/03/2016,18,0,7.8
14/03/2016,18,10,6.1
15/03/2016,20,5,11.7
16/03/2016,17,3,13.8
17/03/2016,19,6,22.7
18/03/2016,17,2,19.9
19/03/2016,16,4,9.7
20/03/2016,17,14,12
21/03/2016,16,10,9.4
22/03/2016,19,10,15.1
23/03/2016,18,12,27.1
24/03/2016,17,5,13.4
25/03/2016,18,0,20.4
26/03/2016,18,11,16.9
27/03/2016,19,6,15.5
28/03/2016,20,5,21.4
29/03/2016,19,6,22.2
30/03/2016,20,0,26.2
31/03/2016,19,2,31
01/04/2016,18,12,29.8
02/04/2016,16,8,11
03/04/2016,17,1,9
04/04/2016,18,12,4.8
05/04/2016,22,2,11.1
06/04/2016,21,14,10.2
07/04/2016,23,13,11.2
08/04/2016,24,9,17.8
09/04/2016,22,6,11.5
10/04/2016,24,8,23.6
11/04/2016,22,3,18.4
12/04/2016,22,12,19.9
13/04/2016,19,6,12.3
14/04/2016,22,7,13.2
15/04/2016,21,3,23.7
16/04/2016,20,3,22.8
17/04/2016,21,12,20.6
18/04/2016,22,11,17.3
19/04/2016,22,15,18
20/04/2016,21,14,16.7
21/04/2016,22,11,9.4
22/04/2016,23,13,11.1
23/04/2016,18,0,14.9
24/04/2016,20,1,13.8
25/04/2016,22,14,18.5
26/04/2016,21,5,25.1
27/04/2016,21,14,12.2
28/04/2016,19,0,22
29/04/2016,20,0,21.7
30/04/2016,21,14,15.1
01/05/2016,22,3,19.4
02/05/2016,24,5,11.5
03/05/2016,25,13,9.8
04/05/2016,24,13,8.7
05/05/2016,24,3,7.4
06/05/2016,26,13,9.9
07/05/2016,27,10,17.3
08/05/2016,25,2,26.7
09/05/2016,23,2,25.3
10/05/2016,24,10,15.8
11/05/2016,24,3,9.6
12/05/2016,25,6,9.7
13/05/2016,23,11,13
14/05/2016,22,4,10.4
15/05/2016,21,11,9.6
16/05/2016,22,3,16.1
17/05/2016,23,6,19.4
18/05/2016,24,0,21.4
19/05/2016,23,14,18.8
20/05/2016,23,13,20.4
21/05/2016,25,7,16.4
22/05/2016,27,9,11.9
23/05/2016,27,15,8.9
24/05/2016,27,8,12.8
25/05/2016,28,5,10.5
26/05/2016,25,7,9.1
27/05/2016,26,1,17.9
28/05/2016,25,10,10.5
29/05/2016,26,9,9.9
30/05/2016,26,10,11.7
31/05/2016,26,12,13.8
01/06/2016,24,2,14.3
02/06/2016,23,15,8
03/06/2016,25,11,15.9
04/06/2016,25,5,18
05/06/2016,23,6,16.8
06/06/2016,23,5,9.4
07/06/2016,24,8,8.5
08/06/2016,25,1,11.9
09/06/2016,23,8,15
10/06/2016,22,12,9.4
11/06/2016,22,4,9.3
12/06/2016,26,7,12.5
13/06/2016,0,14,9.3
14/06/2016,0,14,0
15/06/2016,0,1,35.2
16/06/2016,0,14,33.3
17/06/2016,0,4,11.1
18/06/2016,0,12,11.1
19/06/2016,0,3,25.9
20/06/2016,0,8,9.3
21/06/2016,0,8,25.9
22/06/2016,0,15,14.8
23/06/2016,0,7,14.8
24/06/2016,0,0,38.9
25/06/2016,0,8,18.5
26/06/2016,0,10,27.8
27/06/2016,0,13,13
28/06/2016,0,6,13
29/06/2016,0,6,22.2
30/06/2016,0,3,9.3
01/07/2016,18,12,5.9
02/07/2016,19,11,4.4
03/07/2016,18,15,3.4
04/07/2016,21,0,8.3
05/07/2016,22,4,8.1
06/07/2016,21,7,7.8
07/07/2016,20,9,8.5
08/07/2016,20,6,7.2
09/07/2016,21,8,8.7
10/07/2016,22,0,8.5
11/07/2016,22,7,10.9
12/07/2016,22,12,11
13/07/2016,23,14,10.2
14/07/2016,23,9,6
15/07/2016,24,10,6.6
16/07/2016,22,12,9.8
17/07/2016,19,4,9.6
18/07/2016,21,5,8.5
19/07/2016,22,14,9.9
20/07/2016,20,5,12.4
21/07/2016,21,5,7.9
22/07/2016,19,15,8
23/07/2016,20,7,5.6
24/07/2016,20,13,7.7
25/07/2016,18,8,7.5
26/07/2016,21,13,7.2
27/07/2016,22,14,9.7
28/07/2016,22,2,7.4
29/07/2016,22,7,6.3
30/07/2016,22,15,8.8
31/07/2016,22,9,10.9
01/08/2016,24,1,9.3
02/08/2016,23,1,7.5
03/08/2016,22,8,7.7
04/08/2016,22,14,10.5
05/08/2016,23,15,8.4
06/08/2016,23,13,7.3
07/08/2016,23,1,10.2
08/08/2016,22,0,9.6
09/08/2016,22,2,8.4
10/08/2016,23,2,9.3
11/08/2016,22,3,8.9
12/08/2016,23,13,12.4
13/08/2016,22,13,12.2
14/08/2016,24,3,11.4
15/08/2016,25,8,13.1
16/08/2016,24,9,8.8
17/08/2016,23,12,8.5
18/08/2016,22,14,11.4
19/08/2016,21,8,10.2
20/08/2016,20,6,10
21/08/2016,21,4,7.1
22/08/2016,20,15,6
23/08/2016,21,12,7.7
24/08/2016,21,0,9.5
25/08/2016,23,8,9
26/08/2016,24,8,11.7
27/08/2016,22,13,9.9
28/08/2016,22,5,17.8
29/08/2016,23,0,8.9
30/08/2016,23,5,7.5
31/08/2016,23,8,7.1
01/09/2016,23,13,6.7
02/09/2016,24,6,11.1
03/09/2016,24,0,4.9
04/09/2016,24,10,5.2
05/09/2016,25,2,10.5
06/09/2016,24,3,9.5
07/09/2016,24,15,7.3
08/09/2016,24,14,13.1
09/09/2016,23,9,8.1
10/09/2016,22,0,8.2
11/09/2016,19,11,6.4
12/09/2016,20,11,11
13/09/2016,18,10,9.2
14/09/2016,20,8,4.9
15/09/2016,19,8,7.9
16/09/2016,20,10,5.1
17/09/2016,21,4,8.3
18/09/2016,21,3,6.5
19/09/2016,22,10,6.2
20/09/2016,24,0,12.2
21/09/2016,22,8,8.2
22/09/2016,21,8,9
23/09/2016,22,7,6.3
24/09/2016,22,1,5.8
25/09/2016,21,7,11
26/09/2016,20,8,10.1
27/09/2016,20,8,6.1
28/09/2016,20,0,6.5
29/09/2016,21,6,8.8
30/09/2016,21,7,9.6
01/10/2016,22,8,10.1
02/10/2016,23,15,9.2
03/10/2016,24,6,8.2
04/10/2016,25,4,9.1
05/10/2016,27,13,7.4
06/10/2016,19,15,7.4
07/10/2016,24,9,3.7
08/10/2016,19,11,5.6
09/10/2016,19,15,9.3
10/10/2016,20,11,11.1
11/10/2016,21,14,7.4
12/10/2016,22,14,9.3
13/10/2016,23,11,7.4
14/10/2016,24,0,7.4
15/10/2016,21,14,11.1
16/10/2016,24,0,5.6
17/10/2016,21,1,5.6
18/10/2016,21,8,0
19/10/2016,18,3,10.8
20/10/2016,17,11,8.2
21/10/2016,16,7,12.4
22/10/2016,14,3,5
23/10/2016,16,2,3.5
24/10/2016,19,0,4.4
25/10/2016,20,11,6.2
26/10/2016,19,4,8.8
27/10/2016,18,7,11.7
28/10/2016,15,3,6.5
29/10/2016,12,13,3.7
30/10/2016,17,7,3.7
31/10/2016,12,2,3.7
01/11/2016,25,2,11.1
02/11/2016,13,3,9.3
03/11/2016,17,6,7.5
04/11/2016,12,6,1.9
05/11/2016,20,15,7.4
06/11/2016,22,0,8.4
07/11/2016,11,2,8
08/11/2016,19,3,14.2
09/11/2016,11,5,9.7
10/11/2016,13,6,7.1
11/11/2016,14,13,7.1
12/11/2016,13,3,7.9
13/11/2016,13,4,10.1
14/11/2016,15,11,5.4
15/11/2016,16,11,8.6
16/11/2016,14,8,5.6
17/11/2016,17,5,9.2
18/11/2016,16,5,8.7
19/11/2016,15,3,12.5
20/11/2016,14,11,7.8
21/11/2016,15,7,4.6
22/11/2016,15,4,5.9
23/11/2016,14,6,5
24/11/2016,15,2,5.1
25/11/2016,16,11,5.8
26/11/2016,15,6,5.5
27/11/2016,17,4,10.9
28/11/2016,18,9,16.9
29/11/2016,16,7,24.8
30/11/2016,15,7,15.9
01/12/2016,15,13,17.4
02/12/2016,17,11,25.5
03/12/2016,13,1,19.3
04/12/2016,11,4,23.3
05/12/2016,10,11,9.6
06/12/2016,11,8,5.2
07/12/2016,13,4,14.8
08/12/2016,14,9,7.4
09/12/2016,9,11,4.1
10/12/2016,12,3,5.6
11/12/2016,16,14,13.7
12/12/2016,15,14,7
13/12/2016,14,7,5.6
14/12/2016,15,11,2.4
15/12/2016,16,7,6.3
16/12/2016,16,6,13.8
17/12/2016,17,12,21.4
18/12/2016,15,8,12
19/12/2016,13,14,6.6
20/12/2016,15,12,7.2
21/12/2016,15,5,6.4
22/12/2016,17,7,5.5
23/12/2016,17,4,7.7
24/12/2016,17,7,14.6
25/12/2016,18,15,18.9
26/12/2016,15,9,3.2
27/12/2016,16,10,3
28/12/2016,16,0,4.1
29/12/2016,17,5,8.2
30/12/2016,16,6,12.9
31/12/2016,16,6,18.6
01/01/2017,12,7,14.1
02/01/2017,16,10,14.1
03/01/2017,15,5,5.2
04/01/2017,17,13,6.4
05/01/2017,19,11,13.3
06/01/2017,18,13,13.7
07/01/2017,14,14,9.7
08/01/2017,12,14,3.1
09/01/2017,14,10,4.8
10/01/2017,13,12,4
11/01/2017,15,1,5.2
12/01/2017,15,8,6.4
13/01/2017,14,2,6.8
14/01/2017,16,12,11.3
15/01/2017,15,14,24.5
16/01/2017,14,3,15.4
17/01/2017,14,15,25.7
18/01/2017,14,10,25.6
19/01/2017,14,6,21.9
20/01/2017,13,10,24.1
21/01/2017,16,7,28.5
22/01/2017,14,3,8.6
23/01/2017,14,13,4.9
24/01/2017,17,3,21.6
25/01/2017,16,9,25
26/01/2017,15,15,15.8
27/01/2017,15,6,20.5
28/01/2017,9,0,15.3
29/01/2017,7,12,9.6
30/01/2017,11,3,5.7
31/01/2017,13,4,8.5
01/02/2017,11,10,4
02/02/2017,13,4,4.6
03/02/2017,14,12,6.8
04/02/2017,16,7,11.2
05/02/2017,17,6,14.2
06/02/2017,18,0,10.5
07/02/2017,16,11,6.7
08/02/2017,17,3,6.8
09/02/2017,17,1,5
10/02/2017,19,13,3.7
11/02/2017,18,2,4.4
12/02/2017,18,15,8.1
13/02/2017,18,13,22
14/02/2017,15,6,20.7
15/02/2017,13,12,8.9
16/02/2017,11,1,19.3
17/02/2017,12,11,16.3
18/02/2017,13,8,26.9
19/02/2017,13,13,33.9
20/02/2017,11,4,11.9
21/02/2017,12,0,9.5
22/02/2017,14,9,5.8
23/02/2017,16,13,11.9
24/02/2017,16,12,10.8
25/02/2017,16,3,7.6
26/02/2017,19,0,13.9
27/02/2017,18,7,11.8
28/02/2017,19,15,16.6
01/03/2017,18,7,10.3
02/03/2017,19,2,7.9
03/03/2017,17,6,8.1
04/03/2017,14,1,11.4
05/03/2017,12,10,7.2
06/03/2017,18,4,18.5
07/03/2017,18,8,7.9
08/03/2017,18,10,6.7
09/03/2017,15,5,9.2
10/03/2017,13,14,5.3
11/03/2017,15,4,11.1
12/03/2017,15,9,10.3
13/03/2017,15,15,8.7
14/03/2017,17,0,5.8
15/03/2017,17,7,7.5
16/03/2017,18,10,7.9
17/03/2017,19,10,13.7
18/03/2017,17,2,8.2
19/03/2017,18,3,5.6
20/03/2017,20,14,6.3
21/03/2017,20,7,3.7
22/03/2017,21,8,5.3
23/03/2017,22,13,11.2
24/03/2017,22,5,9.7
25/03/2017,20,13,9.3
26/03/2017,21,8,21.1
27/03/2017,20,15,12.4
28/03/2017,21,7,20
29/03/2017,19,11,19.5
30/03/2017,17,12,8.3
31/03/2017,19,14,19.5
01/04/2017,17,5,22.8
02/04/2017,19,15,32
03/04/2017,16,14,18
04/04/2017,19,6,18.5
05/04/2017,18,4,9.4
06/04/2017,20,3,7.4
07/04/2017,20,0,6.4
08/04/2017,22,4,9.9
09/04/2017,23,8,13.3
10/04/2017,22,15,10.7
11/04/2017,22,1,9.2
12/04/2017,22,12,9.6
13/04/2017,22,12,7.3
14/04/2017,22,7,15.8
15/04/2017,22,7,25.7
16/04/2017,21,15,17.7
17/04/2017,21,8,11.4
18/04/2017,20,1,9.8
19/04/2017,22,8,8.7
20/04/2017,22,1,8.2
21/04/2017,23,0,8.5
22/04/2017,24,4,7
23/04/2017,23,15,14.7
24/04/2017,19,15,16.2
25/04/2017,21,5,24.1
26/04/2017,22,6,20.5
27/04/2017,22,2,16.4
28/04/2017,23,5,23.2
29/04/2017,22,2,25.5
30/04/2017,21,4,13.6
01/05/2017,23,12,14.1
02/05/2017,24,1,23.2
03/05/2017,23,3,17.4
04/05/2017,22,0,9.7
05/05/2017,23,15,12.1
06/05/2017,23,9,17.5
07/05/2017,22,13,18.9
08/05/2017,22,11,24.2
09/05/2017,21,13,27.3
10/05/2017,22,8,25
11/05/2017,24,7,18.3
12/05/2017,24,6,10
13/05/2017,25,5,15.2
14/05/2017,24,5,21.1
15/05/2017,24,1,22.7
16/05/2017,24,7,26.1
17/05/2017,22,12,18.5
18/05/2017,23,4,16.7
19/05/2017,23,1,17.1
20/05/2017,24,5,10.1
21/05/2017,25,1,15.1
22/05/2017,26,11,12.7
23/05/2017,25,8,9.2
24/05/2017,25,0,12.1
25/05/2017,26,14,13.9
26/05/2017,26,4,11
27/05/2017,27,9,10.5
28/05/2017,26,12,11.6
29/05/2017,24,4,13.2
30/05/2017,23,1,9.6
31/05/2017,25,15,10.6
01/06/2017,25,6,10.1
02/06/2017,25,7,13.4
03/06/2017,25,15,11.5
04/06/2017,25,8,13.1
05/06/2017,23,14,10.1
06/06/2017,26,14,10.6
07/06/2017,25,2,12.3
08/06/2017,23,7,9.9
09/06/2017,26,13,9.3
10/06/2017,23,8,11.6
11/06/2017,26,6,9.3
12/06/2017,28,9,14.1
13/06/2017,28,6,13
14/06/2017,28,2,13.8
15/06/2017,28,15,10.8
16/06/2017,28,5,12
17/06/2017,27,7,8
18/06/2017,28,4,10.6
19/06/2017,27,6,16.4
20/06/2017,26,14,15.6
21/06/2017,26,7,12.1
22/06/2017,27,6,9.3
23/06/2017,28,11,13.6
24/06/2017,26,13,14.9
25/06/2017,23,0,17.2
26/06/2017,23,2,12.9
27/06/2017,22,2,6.8
28/06/2017,23,2,11.6
29/06/2017,21,8,10.4
30/06/2017,26,4,12.2
01/07/2017,25,2,13.1
02/07/2017,23,11,10.9
03/07/2017,22,15,9.9
04/07/2017,23,9,10.7
05/07/2017,22,5,11.7
06/07/2017,22,15,10.1
07/07/2017,21,8,8.7
08/07/2017,21,11,9.8
09/07/2017,22,12,11.4
10/07/2017,19,12,10.1
11/07/2017,19,12,4.6
12/07/2017,20,7,8.5
13/07/2017,20,7,7.5
14/07/2017,21,14,10.1
15/07/2017,20,6,9.9
16/07/2017,20,2,6.6
17/07/2017,19,0,10.6
18/07/2017,19,11,9.1
19/07/2017,19,6,10.3
20/07/2017,20,10,6.6
21/07/2017,21,11,7.6
22/07/2017,21,4,5.2
23/07/2017,21,8,6.4
24/07/2017,20,13,9.3
25/07/2017,21,14,8.2
26/07/2017,22,8,8.6
27/07/2017,20,8,5.9
28/07/2017,19,13,6.8
29/07/2017,21,15,5.8
30/07/2017,22,8,6
31/07/2017,22,11,7.1
01/08/2017,22,7,9.1
02/08/2017,22,7,8.6
03/08/2017,21,1,4.3
04/08/2017,23,8,7.8
05/08/2017,21,5,7.3
06/08/2017,23,3,4.5
07/08/2017,22,8,7.2
08/08/2017,20,6,7.8
09/08/2017,21,5,5.7
10/08/2017,22,7,12.2
11/08/2017,22,5,12.1
12/08/2017,23,1,8.3
13/08/2017,23,13,7.8
14/08/2017,23,11,5.4
15/08/2017,22,14,6.9
16/08/2017,20,7,7.4
17/08/2017,21,12,9.4
18/08/2017,19,9,10.3
19/08/2017,19,12,5.9
20/08/2017,20,8,8.4
21/08/2017,20,4,8.7
22/08/2017,22,11,8.3
23/08/2017,22,2,8.5
24/08/2017,22,5,8
25/08/2017,22,1,8.9
26/08/2017,22,2,9.6
27/08/2017,19,13,12.2
28/08/2017,19,6,10
29/08/2017,19,15,9.7
30/08/2017,17,1,11.4
31/08/2017,16,4,8.1
01/09/2017,17,8,7.6
02/09/2017,18,6,7.3
03/09/2017,20,12,8.6
04/09/2017,18,11,7.2
05/09/2017,18,8,11.1
06/09/2017,17,5,12.2
07/09/2017,16,8,8.3
08/09/2017,18,13,6.6
09/09/2017,18,4,7.3
10/09/2017,19,15,6.5
11/09/2017,18,10,9.3
12/09/2017,20,4,6
13/09/2017,20,1,3.5
14/09/2017,20,12,4.9
15/09/2017,22,13,5.3
16/09/2017,22,7,5.1
17/09/2017,22,0,8.6
18/09/2017,19,10,8
19/09/2017,20,12,5.4
20/09/2017,22,12,7
21/09/2017,20,2,7.1
22/09/2017,20,8,5.3
23/09/2017,21,10,6.1
24/09/2017,18,7,7.7
25/09/2017,18,2,9
26/09/2017,20,2,7.8
27/09/2017,20,12,6.3
28/09/2017,21,0,8.8
29/09/2017,19,0,8.8
30/09/2017,19,7,9
01/10/2017,19,8,4.9
02/10/2017,20,10,4.3
03/10/2017,20,7,8.9
04/10/2017,20,9,11.1
05/10/2017,21,4,5.3
06/10/2017,22,3,6.7
07/10/2017,20,6,8.3
08/10/2017,18,14,8.3
09/10/2017,19,13,6
10/10/2017,19,12,11
11/10/2017,18,13,9.5
12/10/2017,19,4,8.9
13/10/2017,20,12,7.5
14/10/2017,19,1,6.6
15/10/2017,19,15,8.9
16/10/2017,19,7,11.6
17/10/2017,18,10,6.3
18/10/2017,19,14,6
19/10/2017,19,0,4.3
20/10/2017,20,8,10.3
21/10/2017,20,0,5.9
22/10/2017,19,1,9
23/10/2017,19,8,5.8
24/10/2017,18,2,12.3
25/10/2017,16,2,7.9
26/10/2017,17,7,6.8
27/10/2017,17,15,3
28/10/2017,16,3,6.8
29/10/2017,18,2,5.9
30/10/2017,19,0,10.9
31/10/2017,18,12,16.2
01/11/2017,19,9,16.6
02/11/2017,19,5,9.4
03/11/2017,19,10,4.2
04/11/2017,21,13,3.6
05/11/2017,21,11,4.2
06/11/2017,21,0,4.1
07/11/2017,20,3,5.7
08/11/2017,19,12,5.9
09/11/2017,18,15,4.6
10/11/2017,18,11,6
11/11/2017,19,11,3.6
12/11/2017,19,10,7.8
13/11/2017,17,8,8.5
14/11/2017,17,6,4.9
15/11/2017,17,2,5
16/11/2017,17,15,2.4
17/11/2017,17,5,3.8
18/11/2017,18,14,5.7
19/11/2017,16,13,5.9
20/11/2017,17,5,10.9
21/11/2017,15,0,7.3
22/11/2017,13,0,11.1
23/11/2017,10,0,6
24/11/2017,11,13,5.3
25/11/2017,14,3,5.9
26/11/2017,14,1,8.8
27/11/2017,14,13,4.1
28/11/2017,15,1,2.1
29/11/2017,16,6,4.6
30/11/2017,14,13,5.1
01/12/2017,14,15,4.3
02/12/2017,14,5,3.1
03/12/2017,14,3,3.4
04/12/2017,16,12,8.2
05/12/2017,17,7,6.3
06/12/2017,17,9,5.5
07/12/2017,18,1,11
08/12/2017,4,1,16.4
09/12/2017,1,0,8.8
10/12/2017,5,8,6.7
11/12/2017,7,1,5
12/12/2017,11,6,4.3
13/12/2017,9,9,5.8
14/12/2017,12,11,9.2
15/12/2017,7,9,7.6
16/12/2017,9,7,12.4
17/12/2017,11,14,20.3
18/12/2017,16,9,17.1
19/12/2017,16,0,12.7
20/12/2017,15,13,10.6
21/12/2017,15,0,16.2
22/12/2017,15,3,16.8
23/12/2017,16,6,5
24/12/2017,16,13,6.1
25/12/2017,15,7,3.7
26/12/2017,16,0,6.7
27/12/2017,15,0,4.1
28/12/2017,14,13,3.5
29/12/2017,15,15,1.7
30/12/2017,15,4,3.8
31/12/2017,16,5,4.1
01/01/2018,14,7,4.5
02/01/2018,14,6,8.6
03/01/2018,12,14,9
04/01/2018,12,13,9.4
05/01/2018,13,7,7.5
06/01/2018,12,1,4.9
07/01/2018,14,5,8.5
08/01/2018,14,14,7.4
09/01/2018,14,1,4.2
10/01/2018,17,5,21.4
11/01/2018,17,7,16.4
12/01/2018,11,14,4.1
13/01/2018,12,6,7.2
14/01/2018,11,6,3.7
15/01/2018,13,4,6.7
16/01/2018,13,13,7
17/01/2018,11,5,5.1
18/01/2018,12,4,14.3
19/01/2018,11,8,7.7
20/01/2018,13,2,12.6
21/01/2018,14,12,17.4
22/01/2018,11,9,4.2
23/01/2018,11,7,8
24/01/2018,11,7,8.9
25/01/2018,10,11,8.4
26/01/2018,11,5,7.8
27/01/2018,13,1,5.2
28/01/2018,13,11,7.3
29/01/2018,12,2,11.1
30/01/2018,10,9,12.4
31/01/2018,11,8,7.3
01/02/2018,14,1,10.7
02/02/2018,16,15,9.6
03/02/2018,15,5,10.1
04/02/2018,17,3,6.4
05/02/2018,16,5,9.9
06/02/2018,18,8,13.6
07/02/2018,16,12,7.2
08/02/2018,13,9,9.2
09/02/2018,11,6,9.3
10/02/2018,13,9,15.6
11/02/2018,13,5,15.3
12/02/2018,14,14,14.7
13/02/2018,17,9,7.6
14/02/2018,17,1,6.3
15/02/2018,19,11,5.9
16/02/2018,20,15,6.8
17/02/2018,19,6,9
18/02/2018,19,3,10.5
19/02/2018,17,7,18.8
20/02/2018,15,5,22.7
21/02/2018,15,12,21.7
22/02/2018,16,12,17.8
23/02/2018,18,6,22.3
24/02/2018,18,5,22.4
25/02/2018,16,14,15.5
26/02/2018,16,14,16.8
27/02/2018,19,9,18.3
28/02/2018,19,4,21
01/03/2018,19,15,11.9
02/03/2018,18,12,9.9
03/03/2018,19,3,9
04/03/2018,19,8,13.2
05/03/2018,19,14,7.7
06/03/2018,19,14,7.6
07/03/2018,19,11,6.3
08/03/2018,20,1,9.6
09/03/2018,21,8,12.5
10/03/2018,21,4,8.3
11/03/2018,21,9,6.9
12/03/2018,21,9,5.3
13/03/2018,21,13,7.4
14/03/2018,20,5,16.1
15/03/2018,19,8,24.1
16/03/2018,17,10,14.1
17/03/2018,19,11,16.8
18/03/2018,18,4,18.5
19/03/2018,19,5,16.5
20/03/2018,18,6,8.6
21/03/2018,20,1,3.8
22/03/2018,21,10,7.1
23/03/2018,22,9,6.7
24/03/2018,21,14,8.4
25/03/2018,21,4,9.6
26/03/2018,21,4,14.8
27/03/2018,21,2,21.8
28/03/2018,18,14,24.9
29/03/2018,16,4,8.6
30/03/2018,18,13,6.5
31/03/2018,20,5,6.5
01/04/2018,22,4,12.6
02/04/2018,21,10,17.4
03/04/2018,20,10,18.1
04/04/2018,18,10,7.5
05/04/2018,19,9,13.6
06/04/2018,20,6,15.6
07/04/2018,21,10,12.6
08/04/2018,21,9,15.2
09/04/2018,22,13,8.6
10/04/2018,21,5,13
11/04/2018,20,3,9.8
12/04/2018,22,5,18.8
13/04/2018,20,12,26.5
14/04/2018,18,12,9.6
15/04/2018,16,10,9.6
16/04/2018,21,12,8.8
17/04/2018,22,3,21.4
18/04/2018,22,13,12.5
19/04/2018,23,14,13.1
20/04/2018,23,15,17.5
21/04/2018,24,14,16
22/04/2018,23,1,7.9
23/04/2018,22,1,7.3
24/04/2018,23,2,7.2
25/04/2018,23,2,7.9
26/04/2018,23,15,8.8
27/04/2018,23,4,9.4
28/04/2018,22,10,7.9
29/04/2018,22,4,21.5
30/04/2018,23,1,22.4
01/05/2018,23,2,22.4
02/05/2018,22,13,17.5
03/05/2018,23,15,12.1
04/05/2018,23,1,13.3
05/05/2018,22,6,15.7
06/05/2018,19,10,13.1
07/05/2018,19,13,8.3
08/05/2018,22,15,5.6
09/05/2018,23,12,9.6
10/05/2018,23,15,8
11/05/2018,24,11,13
12/05/2018,23,3,16.1
13/05/2018,23,12,10.2
14/05/2018,24,12,7.2
15/05/2018,25,15,6.9
16/05/2018,25,2,11.1
17/05/2018,24,7,13.7
18/05/2018,25,8,20.5
19/05/2018,24,13,15.5
20/05/2018,24,5,8.8
21/05/2018,24,15,8.2
22/05/2018,24,1,12.5
23/05/2018,24,4,10.8
24/05/2018,25,2,9.7
25/05/2018,26,11,8.3
26/05/2018,27,10,5
27/05/2018,28,13,7.2
28/05/2018,28,9,5.2
29/05/2018,28,5,8.3
30/05/2018,29,15,11.8
31/05/2018,29,4,10.7
01/06/2018,28,12,9.5
02/06/2018,29,11,12
03/06/2018,27,4,15.3
04/06/2018,26,10,10.5
05/06/2018,27,10,11.6
06/06/2018,27,1,10.3
07/06/2018,26,14,11
08/06/2018,25,3,14.5
09/06/2018,24,8,11.5
10/06/2018,22,7,10.5
11/06/2018,22,11,11.6
12/06/2018,19,1,9.2
13/06/2018,21,12,9.3
14/06/2018,21,15,7.3
15/06/2018,21,5,14.3
16/06/2018,23,12,11.3
17/06/2018,24,13,9.3
18/06/2018,20,2,11.1
19/06/2018,21,8,8.7
20/06/2018,23,6,10.8
21/06/2018,25,12,11
22/06/2018,22,6,9.9
23/06/2018,21,4,10.2
24/06/2018,23,14,9.1
25/06/2018,23,10,8.9
26/06/2018,20,14,14.5
27/06/2018,21,11,8.1
28/06/2018,20,9,11.9
29/06/2018,20,2,9.8
30/06/2018,20,2,9.3
01/07/2018,20,8,7.5
02/07/2018,21,6,6.4
03/07/2018,22,14,9
04/07/2018,22,13,10
05/07/2018,22,5,14.6
06/07/2018,20,14,13.5
07/07/2018,21,3,11.4
08/07/2018,19,11,9
09/07/2018,20,12,10
10/07/2018,19,12,10.6
11/07/2018,20,4,6.7
12/07/2018,21,6,8.9
13/07/2018,23,9,9.9
14/07/2018,23,9,7.5
15/07/2018,22,6,7.9
16/07/2018,19,12,13.9
17/07/2018,19,15,10.3
18/07/2018,21,2,6.8
19/07/2018,23,6,10.8
20/07/2018,22,6,12.3
21/07/2018,22,15,7.9
22/07/2018,23,1,10.5
23/07/2018,25,2,7.3
24/07/2018,26,12,8.5
25/07/2018,25,7,9.2
26/07/2018,24,1,10.1
27/07/2018,20,4,11.5
28/07/2018,22,8,10.1
29/07/2018,21,9,10.7
30/07/2018,18,10,10.5
31/07/2018,22,2,11.5
01/08/2018,21,2,8.8
02/08/2018,23,15,11.2
03/08/2018,24,15,10.5
04/08/2018,23,5,11.5
05/08/2018,23,5,12.3
06/08/2018,19,3,10
07/08/2018,20,15,8
08/08/2018,19,5,7.1
09/08/2018,21,9,9.4
10/08/2018,20,9,7.3
11/08/2018,22,11,9.7
12/08/2018,22,8,13.3
13/08/2018,21,12,12
14/08/2018,19,14,7.1
15/08/2018,22,8,9.3
16/08/2018,21,13,7.6
17/08/2018,20,3,12.9
18/08/2018,20,9,7.2
19/08/2018,23,7,6.1
20/08/2018,22,12,10.8
21/08/2018,20,1,10.8
22/08/2018,22,14,10.9
23/08/2018,20,11,9.3
24/08/2018,21,4,12.3
25/08/2018,22,4,6.2
26/08/2018,22,12,7.1
27/08/2018,22,4,9.9
28/08/2018,21,2,8.3
29/08/2018,21,10,7.1
30/08/2018,21,1,9.7
31/08/2018,20,1,7.4
01/09/2018,19,10,8.9
02/09/2018,19,2,8.9
03/09/2018,21,8,6.1
04/09/2018,21,9,7.2
05/09/2018,19,14,10.8
06/09/2018,18,7,7.3
07/09/2018,18,13,6.9
08/09/2018,19,3,7.5
09/09/2018,18,7,7.7
10/09/2018,18,5,5.3
11/09/2018,18,3,4.8
12/09/2018,20,13,8.3
13/09/2018,19,9,9.4
14/09/2018,19,2,9.9
15/09/2018,21,2,6.7
16/09/2018,21,8,9.6
17/09/2018,20,4,4.4
18/09/2018,18,3,10.9
19/09/2018,19,14,7
20/09/2018,19,1,8.7
21/09/2018,21,15,5.6
22/09/2018,21,12,11
23/09/2018,18,10,10.5
24/09/2018,18,9,3
25/09/2018,20,6,5
26/09/2018,21,5,5.1
27/09/2018,19,9,12.5
28/09/2018,19,10,6.8
29/09/2018,18,14,6.9
30/09/2018,19,2,6.8
01/10/2018,19,2,8
02/10/2018,21,14,7.8
03/10/2018,20,13,6.4
04/10/2018,20,13,6.4
05/10/2018,20,3,5.8
06/10/2018,19,14,7.5
07/10/2018,19,2,12.8
08/10/2018,19,10,18.6
09/10/2018,18,7,16.8
10/10/2018,18,2,8
11/10/2018,18,14,9.7
12/10/2018,19,11,12.6
13/10/2018,21,7,13
14/10/2018,19,12,10.6
15/10/2018,20,1,8.7
16/10/2018,19,15,8.4
17/10/2018,15,3,11.6
18/10/2018,16,8,8
19/10/2018,18,9,6.2
20/10/2018,17,3,6.2
21/10/2018,17,10,8.1
22/10/2018,15,3,6.7
23/10/2018,15,10,8.4
24/10/2018,17,14,8.1
25/10/2018,16,2,5.3
26/10/2018,17,1,4.8
27/10/2018,18,5,9.3
28/10/2018,17,3,6.1
29/10/2018,18,2,3.6
30/10/2018,18,3,7.3
31/10/2018,17,11,15.1
01/11/2018,17,1,17.1
02/11/2018,15,12,7.3
03/11/2018,17,7,9.4
04/11/2018,14,11,5
05/11/2018,18,10,6.4
06/11/2018,18,3,5
07/11/2018,20,15,6
08/11/2018,18,10,12.6
09/11/2018,16,1,5.6
10/11/2018,14,1,6.1
11/11/2018,18,10,15.5
12/11/2018,16,11,11
13/11/2018,7,3,15
14/11/2018,4,8,8.5
15/11/2018,7,13,6.6
16/11/2018,11,12,10.9
17/11/2018,14,5,10.2
18/11/2018,13,2,6.7
19/11/2018,15,13,8.2
20/11/2018,14,2,7
21/11/2018,19,8,14.7
22/11/2018,17,8,10.7
23/11/2018,17,3,7.3
24/11/2018,18,7,15.6
25/11/2018,15,8,10.7
26/11/2018,14,3,6.6
27/11/2018,12,9,7
28/11/2018,10,3,7.7
29/11/2018,9,5,4.8
30/11/2018,15,12,16.1
01/12/2018,15,7,15.2
02/12/2018,17,1,15.6
03/12/2018,15,13,5.9
04/12/2018,15,5,6.6
05/12/2018,17,4,12.3
06/12/2018,16,9,11.5
07/12/2018,16,9,18.4
08/12/2018,17,6,16.6
09/12/2018,11,6,6
10/12/2018,11,13,5.6
11/12/2018,12,10,9.7
12/12/2018,15,6,19.9
13/12/2018,13,14,11.6
14/12/2018,7,6,10.5
15/12/2018,6,10,2.9
16/12/2018,8,8,2.4
17/12/2018,12,9,6.6
18/12/2018,15,3,13.1
19/12/2018,12,12,11.9
20/12/2018,9,2,7.9
21/12/2018,9,1,4.3
22/12/2018,11,6,3
23/12/2018,12,7,4
24/12/2018,12,13,2.4
25/12/2018,13,4,10.3
26/12/2018,14,1,23.3
27/12/2018,12,3,20.4
28/12/2018,9,9,15.6
29/12/2018,11,5,16.1
30/12/2018,12,3,26.6
31/12/2018,12,2,18.3
01/01/2019,7,2,4.2
02/01/2019,14,13,21.8
03/01/2019,14,5,11.7
04/01/2019,13,9,5.7
05/01/2019,14,4,4.5
06/01/2019,17,13,13.3
07/01/2019,16,8,5
08/01/2019,17,4,3.1
09/01/2019,18,5,6.7
10/01/2019,14,11,8.4
11/01/2019,12,15,14.3
12/01/2019,9,5,5.3
13/01/2019,13,13,16.4
14/01/2019,13,4,6.6
15/01/2019,14,7,10.3
16/01/2019,14,13,5.6
17/01/2019,13,1,4.9
18/01/2019,16,14,7.7
19/01/2019,13,8,10.1
20/01/2019,9,13,4.2
21/01/2019,14,1,11.2
22/01/2019,17,10,19.7
23/01/2019,12,8,13.3
24/01/2019,12,10,18.4
25/01/2019,12,14,8.2
26/01/2019,14,8,16.2
27/01/2019,9,12,10.7
28/01/2019,12,14,7.3
29/01/2019,13,12,9
30/01/2019,16,6,13.1
31/01/2019,15,7,14.6
01/02/2019,14,4,13.2
02/02/2019,14,4,9
03/02/2019,15,4,9
04/02/2019,18,11,14.4
05/02/2019,15,4,11
06/02/2019,16,7,16
07/02/2019,17,9,12
08/02/2019,18,1,13.2
09/02/2019,17,6,10.7
10/02/2019,18,7,17
11/02/2019,17,4,22.5
12/02/2019,15,11,10.8
13/02/2019,15,7,9.1
14/02/2019,18,3,12.2
15/02/2019,19,15,7.1
16/02/2019,21,9,12
17/02/2019,20,10,21
18/02/2019,17,13,16.3
19/02/2019,16,1,28.4
20/02/2019,12,1,18.4
21/02/2019,15,10,31.1
22/02/2019,14,15,21.8
23/02/2019,15,4,17.3
24/02/2019,13,7,7
25/02/2019,18,14,22.1
26/02/2019,19,9,15.8
27/02/2019,18,9,5.8
28/02/2019,20,3,13.3
01/03/2019,18,9,8.9
02/03/2019,20,11,11.6
03/03/2019,21,14,8.5
04/03/2019,21,9,12.6
05/03/2019,20,6,11
06/03/2019,19,3,7.9
07/03/2019,19,15,9.5
08/03/2019,18,3,14.1
09/03/2019,19,14,16.9
10/03/2019,19,7,16.3
11/03/2019,19,2,14.1
12/03/2019,21,7,28.8
13/03/2019,19,15,26.5
14/03/2019,17,13,17.1
15/03/2019,15,7,10.3
16/03/2019,17,14,17.5
17/03/2019,17,14,22
18/03/2019,15,4,11.4
19/03/2019,15,9,7.9
20/03/2019,16,10,9.3
21/03/2019,17,1,8.7
22/03/2019,18,9,17
23/03/2019,17,13,12.6
24/03/2019,19,8,10.1
25/03/2019,20,15,8.8
26/03/2019,21,11,9.9
27/03/2019,21,10,9
28/03/2019,21,5,13.8
29/03/2019,20,9,9.2
30/03/2019,21,12,7.6
31/03/2019,21,8,6.1
01/04/2019,20,1,12.4
02/04/2019,20,14,19.4
03/04/2019,20,5,17.6
04/04/2019,19,12,12.9
05/04/2019,20,2,22.2
06/04/2019,17,5,17.6
07/04/2019,17,15,8.5
08/04/2019,19,6,9.6
09/04/2019,18,10,5
10/04/2019,22,11,15.8
11/04/2019,20,2,24.2
12/04/2019,18,2,25.8
13/04/2019,18,9,31.6
14/04/2019,17,6,8.8
15/04/2019,19,11,10.9
16/04/2019,21,8,21.3
17/04/2019,22,4,25.2
18/04/2019,18,11,13
19/04/2019,19,3,14.6
20/04/2019,20,12,12.1
21/04/2019,24,12,16
22/04/2019,22,2,19
23/04/2019,22,6,18.6
24/04/2019,21,13,20.4
25/04/2019,18,13,7.6
26/04/2019,20,8,4.6
27/04/2019,23,9,10.9
28/04/2019,22,8,16.3
29/04/2019,23,6,20.8
30/04/2019,22,4,19.6
01/05/2019,22,3,16.2
02/05/2019,23,5,11.6
03/05/2019,23,6,18.8
04/05/2019,22,3,8.3
05/05/2019,22,11,17.8
06/05/2019,21,8,14.2
07/05/2019,22,14,16.4
08/05/2019,22,10,21.5
09/05/2019,21,13,14.4
10/05/2019,22,10,21.9
11/05/2019,21,12,21.1
12/05/2019,21,2,32.6
13/05/2019,19,8,19.2
14/05/2019,21,4,8.9
15/05/2019,23,9,8.4
16/05/2019,21,3,12.9
17/05/2019,24,2,23.4
18/05/2019,24,6,21.8
19/05/2019,22,1,11
20/05/2019,23,12,21.7
21/05/2019,24,7,24.3
22/05/2019,24,1,23.3
23/05/2019,24,1,20.1
24/05/2019,24,3,11.9
25/05/2019,24,1,9.3
26/05/2019,26,11,7.8
27/05/2019,26,12,8.4
28/05/2019,26,9,23.2
29/05/2019,25,7,18.2
30/05/2019,24,4,12.6
31/05/2019,25,12,6.8
01/06/2019,24,4,7
02/06/2019,23,13,9.3
03/06/2019,22,8,9.6
04/06/2019,23,2,8.3
05/06/2019,23,9,11.1
06/06/2019,24,12,11.4
07/06/2019,26,13,9.3
08/06/2019,27,5,13
09/06/2019,24,9,8.6
10/06/2019,25,10,14.8
11/06/2019,23,8,9.4
12/06/2019,24,7,12.1
13/06/2019,24,12,12.4
14/06/2019,25,13,9.9
15/06/2019,25,11,8.6
16/06/2019,25,7,10.5
17/06/2019,25,13,10.7
18/06/2019,24,8,13.7
19/06/2019,23,10,12.5
20/06/2019,23,1,10.7
21/06/2019,25,6,13
22/06/2019,25,5,11.7
23/06/2019,25,9,10.5
24/06/2019,25,4,9.6
25/06/2019,25,2,12.4
26/06/2019,24,14,13.3
27/06/2019,25,11,9.4
28/06/2019,25,9,14.4
29/06/2019,24,14,12.9
30/06/2019,23,13,15.3
01/07/2019,21,6,13.1
02/07/2019,21,10,14
03/07/2019,21,6,13.2
04/07/2019,21,6,11.8
05/07/2019,23,15,11.9
06/07/2019,23,7,10.1
07/07/2019,24,8,9.9
08/07/2019,20,4,10
09/07/2019,20,7,8.7
10/07/2019,22,7,10.7
11/07/2019,22,6,11.8
12/07/2019,19,11,9.9
13/07/2019,21,14,10.6
14/07/2019,21,10,8.3
15/07/2019,22,7,9.6
16/07/2019,21,5,10.6
17/07/2019,21,2,9.9
18/07/2019,21,15,12.1
19/07/2019,20,9,10.5
20/07/2019,20,4,8.1
21/07/2019,20,3,13
22/07/2019,21,4,12.1
23/07/2019,20,5,10.1
24/07/2019,19,10,10.3
25/07/2019,19,5,5.7
26/07/2019,21,13,7.3
27/07/2019,22,13,7.5
28/07/2019,22,7,10.8
29/07/2019,20,6,7.8
30/07/2019,21,9,7.1
31/07/2019,21,4,10.2
01/08/2019,22,10,8.9
02/08/2019,23,12,8.6
03/08/2019,23,5,9.5
04/08/2019,22,8,9.5
05/08/2019,22,8,8.3
06/08/2019,23,1,9
07/08/2019,19,6,12.8
08/08/2019,21,9,8.7
09/08/2019,21,10,8.9
10/08/2019,21,5,12.5
11/08/2019,22,6,5.7
12/08/2019,23,1,9.2
13/08/2019,24,13,8.5
14/08/2019,22,14,11.4
15/08/2019,22,13,8.3
16/08/2019,22,10,13.1
17/08/2019,20,2,9.1
18/08/2019,22,6,7.9
19/08/2019,22,13,7.2
20/08/2019,22,5,5.8
21/08/2019,22,6,8.9
22/08/2019,21,13,16.8
23/08/2019,20,1,10.7
24/08/2019,20,2,5.5
25/08/2019,20,12,10.4
26/08/2019,21,1,7.5
27/08/2019,20,2,6.7
28/08/2019,18,7,7.6
29/08/2019,19,9,9.3
30/08/2019,19,14,7.5
31/08/2019,18,5,13.6
01/09/2019,19,12,8.5
02/09/2019,18,10,10.8
03/09/2019,16,3,9.1
04/09/2019,18,12,10.5
05/09/2019,18,12,7.6
06/09/2019,18,4,6.1
07/09/2019,18,3,7.5
08/09/2019,20,4,8.2
09/09/2019,19,6,9.7
10/09/2019,19,14,6.5
11/09/2019,19,8,7.9
12/09/2019,18,13,7
13/09/2019,18,10,10.8
14/09/2019,19,14,11
15/09/2019,19,6,9.7
16/09/2019,20,11,5.9
17/09/2019,20,15,6.8
18/09/2019,21,15,9.5
19/09/2019,21,2,7.2
20/09/2019,20,1,8
21/09/2019,18,7,5.5
22/09/2019,20,5,8.1
23/09/2019,20,8,7.3
24/09/2019,20,7,7.4
25/09/2019,19,6,8.7
26/09/2019,19,7,6.4
27/09/2019,20,13,5.8
28/09/2019,21,6,6.7
29/09/2019,19,11,13
30/09/2019,19,1,15
01/10/2019,18,12,10.6
02/10/2019,19,2,9.8
03/10/2019,18,14,7.2
04/10/2019,19,7,7
05/10/2019,19,10,6.8
06/10/2019,19,15,8.5
07/10/2019,19,4,13
08/10/2019,18,11,5.8
09/10/2019,19,4,6.8
10/10/2019,21,14,4.9
11/10/2019,21,5,8.8
12/10/2019,17,12,5.6
13/10/2019,18,15,4.8
14/10/2019,19,14,5.1
15/10/2019,21,8,5.6
16/10/2019,20,1,9.6
17/10/2019,20,5,10.8
18/10/2019,22,11,7.4
19/10/2019,20,11,5.7
20/10/2019,20,11,7.1
21/10/2019,21,9,6.4
22/10/2019,21,7,8.6
23/10/2019,21,14,8.5
24/10/2019,21,5,7.4
25/10/2019,17,11,16.1
26/10/2019,16,7,7.4
27/10/2019,19,15,8.6
28/10/2019,20,5,7.6
29/10/2019,19,4,9.4
30/10/2019,19,4,10.7
31/10/2019,16,3,10.9
01/11/2019,17,8,7.5
02/11/2019,19,11,10.1
03/11/2019,19,12,8.4
04/11/2019,17,8,9.2
05/11/2019,19,12,6.4
06/11/2019,19,11,8.7
07/11/2019,17,11,4.1
08/11/2019,20,14,8.6
09/11/2019,20,12,6
10/11/2019,20,2,6.4
11/11/2019,19,4,6.2
12/11/2019,14,10,8.9
13/11/2019,11,12,13
14/11/2019,12,9,6
15/11/2019,12,12,7.4
16/11/2019,13,4,5.3
17/11/2019,14,2,5.3
18/11/2019,15,2,5.7
19/11/2019,16,13,6.5
20/11/2019,18,14,20.4
21/11/2019,19,9,16.9
22/11/2019,19,13,12.6
23/11/2019,17,1,5.8
24/11/2019,16,6,5.7
25/11/2019,15,6,5.3
26/11/2019,17,4,19.4
27/11/2019,18,9,16.7
28/11/2019,14,7,6.3
29/11/2019,15,6,13.3
30/11/2019,17,13,13.2
01/12/2019,16,2,4.8
02/12/2019,16,10,6.5
03/12/2019,17,2,8.2
04/12/2019,16,1,4.4
05/12/2019,16,15,4.1
06/12/2019,16,13,5.4
07/12/2019,16,2,5.1
08/12/2019,17,4,6.3
09/12/2019,17,12,15.9
10/12/2019,16,9,10.3
11/12/2019,12,15,6.4
12/12/2019,14,4,5.8
13/12/2019,13,2,5.9
14/12/2019,14,8,6.5
15/12/2019,16,6,13.7
16/12/2019,16,7,10.2
17/12/2019,12,3,9.3
18/12/2019,6,6,6.1
19/12/2019,10,3,7.4
20/12/2019,14,6,7.8
21/12/2019,10,11,15.3
22/12/2019,10,6,7.9
23/12/2019,11,3,9.1
24/12/2019,14,15,14.7
25/12/2019,15,15,16.2
26/12/2019,13,14,10.7
27/12/2019,13,2,15.1
28/12/2019,14,4,26.4
29/12/2019,14,15,16.6
30/12/2019,11,12,12.7
31/12/2019,12,11,19.1
01/01/2020,8,7,10.8
02/01/2020,8,5,20.8
03/01/2020,8,14,10.4
04/01/2020,7,6,4.4
05/01/2020,9,1,3.5
06/01/2020,11,7,5.1
07/01/2020,12,15,6.6
08/01/2020,11,4,8.1
09/01/2020,15,3,12.9
10/01/2020,17,3,24.8
11/01/2020,10,6,9.6
12/01/2020,11,13,6.8
13/01/2020,17,12,8.5
14/01/2020,15,3,5
15/01/2020,15,15,6.7
16/01/2020,16,4,5.9
17/01/2020,15,11,6.3
18/01/2020,13,14,3.5
19/01/2020,15,8,6.4
20/01/2020,15,5,4.9
21/01/2020,16,8,15.6
22/01/2020,15,6,11.8
23/01/2020,14,9,6.8
24/01/2020,13,8,6
25/01/2020,14,2,10.3
26/01/2020,10,6,6.9
27/01/2020,11,13,8.5
28/01/2020,12,3,5.8
29/01/2020,12,5,9.8
30/01/2020,12,11,30
31/01/2020,9,15,10.8
01/02/2020,9,8,7.5
02/02/2020,11,9,7.7
03/02/2020,12,8,26.9
04/02/2020,13,1,29
05/02/2020,13,3,38.7
06/02/2020,14,11,16.7
07/02/2020,14,10,8
08/02/2020,14,2,11.2
09/02/2020,17,13,17.1
10/02/2020,17,5,25.6
11/02/2020,16,2,19.1
12/02/2020,16,2,23.7
13/02/2020,12,10,12.5
14/02/2020,12,10,8.4
15/02/2020,17,4,12
16/02/2020,18,9,5.2
17/02/2020,20,13,8.8
18/02/2020,21,8,8.9
19/02/2020,20,1,11.7
20/02/2020,19,2,6.8
21/02/2020,18,9,8.6
22/02/2020,20,5,11.4
23/02/2020,18,9,18.2
24/02/2020,18,1,14
25/02/2020,18,4,7.8
26/02/2020,12,5,12.7
27/02/2020,13,15,6.8
28/02/2020,15,1,5
29/02/2020,18,5,13.2
01/03/2020,21,5,22.1
02/03/2020,18,8,21.8
03/03/2020,17,1,34.1
04/03/2020,16,4,20.1
05/03/2020,13,7,11.4
06/03/2020,15,12,8
07/03/2020,18,13,9.4
08/03/2020,17,2,3.9
09/03/2020,19,13,8.8
10/03/2020,19,15,6
11/03/2020,21,11,4.2
12/03/2020,21,14,13.1
13/03/2020,22,3,20.6
14/03/2020,21,11,9.5
15/03/2020,21,15,11.2
16/03/2020,21,7,6.8
17/03/2020,20,7,13.3
18/03/2020,20,7,21.2
19/03/2020,20,4,25.1
20/03/2020,20,4,12.5
21/03/2020,22,6,16.7
22/03/2020,23,15,14.1
23/03/2020,23,14,9.2
24/03/2020,24,4,7.3
25/03/2020,25,14,7.8
26/03/2020,25,3,13.6
27/03/2020,24,1,21.1
28/03/2020,22,9,14
29/03/2020,21,4,12.7
30/03/2020,23,12,19.6
31/03/2020,21,1,8.5
01/04/2020,23,7,20.4
02/04/2020,22,8,20.1
03/04/2020,22,1,20.6
04/04/2020,21,5,19
05/04/2020,22,6,14.8
06/04/2020,22,6,12.3
07/04/2020,21,7,11.5
08/04/2020,22,13,8.2
09/04/2020,23,13,19.5
10/04/2020,21,1,20
11/04/2020,21,14,26.6
12/04/2020,21,15,25.3
13/04/2020,20,8,17.7
14/04/2020,19,2,11.3
15/04/2020,22,7,16.7
16/04/2020,21,2,18.4
17/04/2020,23,11,23
18/04/2020,24,14,22.9
19/04/2020,22,3,16.2
20/04/2020,23,4,11
21/04/2020,23,10,5.6
22/04/2020,25,12,25.2
23/04/2020,20,13,5.1
24/04/2020,23,2,3.5
25/04/2020,24,10,7.1
26/04/2020,23,14,6.9
27/04/2020,23,4,10.8
28/04/2020,23,1,9.1
29/04/2020,24,13,8.8
30/04/2020,24,8,9.7
01/05/2020,24,15,8.7
02/05/2020,24,6,7.2
03/05/2020,24,13,11
04/05/2020,23,5,8.8
05/05/2020,24,10,9.6
06/05/2020,22,13,10.1
07/05/2020,23,10,6.8
08/05/2020,23,12,8.3
09/05/2020,21,13,11.5
10/05/2020,23,7,5.7
11/05/2020,22,15,21.5
12/05/2020,21,12,12.2
13/05/2020,22,3,13.3
14/05/2020,23,6,12.6
15/05/2020,23,7,20.8
16/05/2020,21,6,9.1
17/05/2020,23,3,5.1
18/05/2020,26,1,8.1
19/05/2020,24,6,9.6
20/05/2020,24,5,14.4
21/05/2020,24,10,15
22/05/2020,23,6,7.7
23/05/2020,24,11,9.8
24/05/2020,23,10,11.9
25/05/2020,23,9,7.7
26/05/2020,23,13,7.6
27/05/2020,24,14,11.4
28/05/2020,25,3,6.6
29/05/2020,24,3,17.1
30/05/2020,22,9,16.8
31/05/2020,22,15,5.8
01/06/2020,23,2,7.3
02/06/2020,25,3,8.3
03/06/2020,25,1,9.1
04/06/2020,24,12,5.1
05/06/2020,28,15,12.8
06/06/2020,27,7,6.4
07/06/2020,28,13,8.4
08/06/2020,24,2,12.8
09/06/2020,26,9,8.5
10/06/2020,25,8,11
11/06/2020,24,8,15.5
12/06/2020,23,15,13.5
13/06/2020,23,12,10.2
14/06/2020,29,12,10
15/06/2020,24,12,9.8
16/06/2020,25,12,7.6
17/06/2020,26,2,9.8
18/06/2020,26,14,9.4
19/06/2020,24,9,7.4
20/06/2020,25,7,12.5
21/06/2020,25,4,8.7
22/06/2020,25,9,8.9
23/06/2020,26,2,14.5
24/06/2020,23,7,14.8
25/06/2020,22,8,8.3
26/06/2020,21,13,8.9
27/06/2020,19,15,10.3
28/06/2020,21,13,8.6
29/06/2020,22,2,8.9
30/06/2020,23,12,11.4
01/07/2020,22,5,9.6
02/07/2020,21,14,8.5
03/07/2020,22,14,5.2
04/07/2020,24,15,10.1
05/07/2020,25,4,7.4
06/07/2020,25,8,7.7
07/07/2020,26,12,10
08/07/2020,23,14,8.1
09/07/2020,22,3,9.2
10/07/2020,23,7,8.1
11/07/2020,26,1,12.3
12/07/2020,22,12,6.4
13/07/2020,25,13,6.4
14/07/2020,25,7,9.5
15/07/2020,24,10,11.6
16/07/2020,25,10,9.3
17/07/2020,21,8,11.3
18/07/2020,22,5,6.5
19/07/2020,21,2,8.4
20/07/2020,19,1,5.8
21/07/2020,20,6,6.8
22/07/2020,21,1,5.6
23/07/2020,22,5,7.1
24/07/2020,21,8,8.4
25/07/2020,22,4,7.4
26/07/2020,20,7,12.7
27/07/2020,18,11,12.8
28/07/2020,17,8,15.4
29/07/2020,21,13,5.7
30/07/2020,20,10,7.3
31/07/2020,20,10,6
01/08/2020,21,8,8
02/08/2020,22,5,9.9
03/08/2020,22,1,9.3
04/08/2020,23,2,8.9
05/08/2020,24,2,7
06/08/2020,24,12,6.1
07/08/2020,23,7,8.7
08/08/2020,23,7,5.8
09/08/2020,22,3,10.4
10/08/2020,23,4,7.6
11/08/2020,22,2,8.3
12/08/2020,23,1,9.1
13/08/2020,24,11,9
14/08/2020,24,15,4.9
15/08/2020,23,1,7.4
16/08/2020,23,4,11.3
17/08/2020,23,8,14.6
18/08/2020,21,13,10
19/08/2020,18,15,5.6
20/08/2020,20,5,2.8
21/08/2020,19,10,3
22/08/2020,23,1,5.4
23/08/2020,24,4,13.1
24/08/2020,22,9,11.8
25/08/2020,21,6,9
26/08/2020,21,3,11.1
27/08/2020,23,14,5.7
28/08/2020,23,15,9.8
29/08/2020,24,7,9.8
30/08/2020,23,6,4.7
31/08/2020,24,15,7
01/09/2020,20,4,13
02/09/2020,22,9,2.6
03/09/2020,21,5,6.6
04/09/2020,21,3,12.6
05/09/2020,20,11,10.5
06/09/2020,19,4,10
07/09/2020,20,3,4.3
08/09/2020,20,8,6.2
09/09/2020,21,8,8.3
10/09/2020,19,12,7.9
11/09/2020,20,8,3.6
12/09/2020,20,8,8.5
13/09/2020,18,14,8.6
14/09/2020,19,4,10
15/09/2020,21,11,8.1
16/09/2020,20,13,18.5
17/09/2020,20,5,9.5
18/09/2020,19,15,15
19/09/2020,17,6,8.1
20/09/2020,19,6,59.1
21/09/2020,21,13,5.1
22/09/2020,22,5,6.9
23/09/2020,20,1,4.7
24/09/2020,21,15,5.7
25/09/2020,20,14,3.6
26/09/2020,20,10,2.9
27/09/2020,20,4,4.7
28/09/2020,21,3,9.1
29/09/2020,19,3,12.4
30/09/2020,18,3,5.9
01/10/2020,19,1,6.5
02/10/2020,18,1,11.6
03/10/2020,18,14,4.4
04/10/2020,19,9,11.8
05/10/2020,19,1,7.7
06/10/2020,18,7,10.8
07/10/2020,19,8,5.3
08/10/2020,18,10,5.4
09/10/2020,19,1,6.2
10/10/2020,19,13,1.5
11/10/2020,19,11,0.5
12/10/2020,21,12,9.4
13/10/2020,21,12,3.6
14/10/2020,21,11,3.9
15/10/2020,20,11,6.3
16/10/2020,20,6,9.7
17/10/2020,20,11,2.7
18/10/2020,21,8,4.2
19/10/2020,20,4,5.6
20/10/2020,21,9,3
21/10/2020,20,10,2.8
22/10/2020,21,15,4
23/10/2020,21,5,3.4
24/10/2020,21,10,4.3
25/10/2020,20,4,6.1
26/10/2020,22,8,13.4
27/10/2020,20,6,18.4
28/10/2020,19,10,14.2
29/10/2020,16,14,7.4
30/10/2020,16,1,3.1
31/10/2020,18,4,2.4
01/11/2020,18,2,13.2
02/11/2020,16,4,9.6
03/11/2020,14,3,6.5
04/11/2020,17,14,5.5
05/11/2020,17,5,8.1
06/11/2020,15,9,4.3
07/11/2020,16,15,6
08/11/2020,19,15,14.9
09/11/2020,20,2,13
10/11/2020,20,11,10.4
11/11/2020,19,5,9.5
12/11/2020,18,10,11.4
13/11/2020,15,9,11.3
14/11/2020,19,1,14.9
15/11/2020,18,8,9.8
16/11/2020,16,9,6.9
17/11/2020,17,15,7.4
18/11/2020,17,14,6.6
19/11/2020,17,5,6.5
20/11/2020,17,7,3.2
21/11/2020,18,2,4.1
22/11/2020,21,13,6.5
23/11/2020,16,13,7.8
24/11/2020,17,10,14.3
25/11/2020,18,9,6.3
26/11/2020,21,15,11.9
27/11/2020,18,11,12.5
28/11/2020,20,15,10.9
29/11/2020,16,11,6.6
30/11/2020,11,1,8.8
01/12/2020,11,13,1.4
02/12/2020,15,8,8.7
03/12/2020,13,9,15.6
04/12/2020,11,10,16.8
05/12/2020,14,9,13.7
06/12/2020,7,8,5.3
07/12/2020,8,4,1.7
08/12/2020,11,14,3.5
09/12/2020,14,8,4.9
10/12/2020,16,11,14.9
11/12/2020,17,7,15.1
12/12/2020,16,6,12.9
13/12/2020,13,8,12.6
14/12/2020,12,2,10.3
15/12/2020,15,11,21.1
16/12/2020,9,6,3.7
17/12/2020,11,5,7.1
18/12/2020,13,8,12.6
19/12/2020,12,15,8.7
20/12/2020,12,2,6.7
21/12/2020,13,8,5.8
22/12/2020,15,5,10.1
23/12/2020,16,15,13.3
24/12/2020,12,7,13.8
25/12/2020,7,12,4.2
26/12/2020,13,11,2
27/12/2020,14,15,1.7
28/12/2020,16,5,6.7
29/12/2020,15,13,18.3
30/12/2020,12,13,32.4
31/12/2020,6,2,14.6
01/01/2021,2,7,22.6
02/01/2021,6,14,4.4
03/01/2021,6,10,3.1
04/01/2021,10,11,3.3
05/01/2021,11,11,5.2
06/01/2021,13,11,8.8
07/01/2021,10,10,3
08/01/2021,12,9,5.5
09/01/2021,13,14,21.3
10/01/2021,13,14,9.9
11/01/2021,9,1,7.8
12/01/2021,8,13,12.9
13/01/2021,7,14,3.7
14/01/2021,10,8,6.2
15/01/2021,10,7,5.1
16/01/2021,11,5,4.2
17/01/2021,12,5,9.9
18/01/2021,12,14,10.5
19/01/2021,15,1,7
20/01/2021,15,8,4.9
21/01/2021,16,1,21.3
22/01/2021,16,3,14.8
23/01/2021,16,2,16.1
24/01/2021,15,14,21.4
25/01/2021,16,15,28.3
26/01/2021,10,3,14.8
27/01/2021,21,2,13
28/01/2021,13,12,5.2
29/01/2021,17,1,2.4
30/01/2021,18,6,12.2
31/01/2021,16,8,7
01/02/2021,15,15,4
02/02/2021,18,13,2.8
03/02/2021,19,9,3.6
04/02/2021,19,15,8.8
05/02/2021,20,12,11.9
06/02/2021,19,10,12.7
07/02/2021,17,9,14.1
08/02/2021,16,7,11.7
09/02/2021,16,1,5.9
10/02/2021,16,3,12.4
11/02/2021,14,2,15.3
12/02/2021,12,1,5.2
13/02/2021,13,15,16.1
14/02/2021,14,14,27
15/02/2021,14,6,22.7
16/02/2021,16,11,23.8
17/02/2021,15,14,24.7
18/02/2021,18,12,17.5
19/02/2021,11,12,3
20/02/2021,16,3,5.6
21/02/2021,18,9,14.6
22/02/2021,15,3,6.8
23/02/2021,17,15,10
24/02/2021,19,11,4.6
25/02/2021,21,8,4.2
26/02/2021,20,6,7.9
27/02/2021,21,11,21.5
28/02/2021,19,5,21.7
01/03/2021,17,7,2.4
02/03/2021,16,10,4.5
03/03/2021,19,6,6.5
04/03/2021,19,14,8.3
05/03/2021,21,14,8.7
06/03/2021,17,4,4.6
07/03/2021,20,4,14.7
08/03/2021,18,7,7.3
09/03/2021,20,12,5.3
10/03/2021,19,4,10.7
11/03/2021,20,1,13
12/03/2021,19,13,13.6
13/03/2021,22,14,24.3
14/03/2021,19,7,19.1
15/03/2021,20,1,13.5
16/03/2021,19,14,21.2
17/03/2021,18,4,9.4
18/03/2021,17,11,6.2
19/03/2021,18,6,8.8
20/03/2021,18,13,8.1
21/03/2021,19,11,7.5
22/03/2021,22,10,25.3
23/03/2021,18,4,23.6
24/03/2021,17,4,24.4
25/03/2021,16,10,16.1
26/03/2021,18,2,20.1
27/03/2021,21,9,20.2
28/03/2021,20,5,10.4
29/03/2021,16,6,7
30/03/2021,21,4,17.1
31/03/2021,22,8,10.4
01/04/2021,20,10,16.1
02/04/2021,20,14,10.3
03/04/2021,24,4,7.7
04/04/2021,22,2,10
05/04/2021,22,14,8.3
06/04/2021,22,9,10.6
07/04/2021,22,4,8
08/04/2021,22,1,6.4
09/04/2021,24,11,13.4
10/04/2021,22,1,10.1
11/04/2021,24,9,27.8
12/04/2021,22,3,13.8
13/04/2021,22,4,16.5
14/04/2021,23,8,15.4
15/04/2021,22,15,19.7
16/04/2021,22,3,21.6
17/04/2021,26,5,16.1
18/04/2021,20,15,17.7
19/04/2021,23,6,19.5
20/04/2021,21,6,14.1
21/04/2021,21,11,18.6
22/04/2021,21,8,26.9
23/04/2021,22,9,26.2
24/04/2021,20,2,6.9
25/04/2021,22,10,9.4
26/04/2021,23,3,16.2
27/04/2021,22,14,23.9
28/04/2021,22,10,34
29/04/2021,22,13,22.2
30/04/2021,21,2,18
01/05/2021,18,10,5.1
02/05/2021,21,3,10.5
03/05/2021,23,7,22.2
04/05/2021,21,13,8
05/05/2021,22,15,8
06/05/2021,24,8,11.3
07/05/2021,23,4,10.7
08/05/2021,23,10,9.7
09/05/2021,24,14,11.5
10/05/2021,24,14,11.7
11/05/2021,22,6,8.4
12/05/2021,24,2,9.2
13/05/2021,24,11,5.1
14/05/2021,23,6,10.8
15/05/2021,24,4,14.2
16/05/2021,24,11,10.2
17/05/2021,25,7,11.3
18/05/2021,23,13,18.9
19/05/2021,21,7,13.4
20/05/2021,22,7,7.3
21/05/2021,24,11,8.3
22/05/2021,25,6,7.3
23/05/2021,24,3,12.8
24/05/2021,23,1,16.4
25/05/2021,25,5,11.6
26/05/2021,26,5,9.9
27/05/2021,28,10,8.2
28/05/2021,28,8,6.9
29/05/2021,27,15,10.8
30/05/2021,28,7,13
31/05/2021,27,12,14
01/06/2021,24,2,11.5
02/06/2021,18,1,12.3
03/06/2021,18,11,8
04/06/2021,19,13,8.9
05/06/2021,23,15,9.9
06/06/2021,23,12,11.9
07/06/2021,26,2,13
08/06/2021,26,6,8.9
09/06/2021,27,13,11.1
10/06/2021,28,7,14.9
11/06/2021,27,3,16.7
12/06/2021,24,11,16.4
13/06/2021,23,14,11.7
14/06/2021,25,3,16.3
15/06/2021,25,9,14.5
16/06/2021,25,9,18.9
17/06/2021,22,1,14.3
18/06/2021,21,11,11.7
19/06/2021,18,10,7.4
20/06/2021,21,7,10.8
21/06/2021,24,10,8.9
22/06/2021,23,2,14
23/06/2021,21,15,9.8
24/06/2021,22,4,11.2
25/06/2021,22,8,8
26/06/2021,24,8,13
27/06/2021,25,14,11.6
28/06/2021,21,13,11.6
29/06/2021,20,1,12.3
30/06/2021,19,1,9.3
01/07/2021,18,12,6.9
02/07/2021,22,7,8.7
03/07/2021,23,11,6.3
04/07/2021,21,13,8.1
05/07/2021,21,11,7.2
06/07/2021,20,7,7.4
07/07/2021,20,13,9.1
08/07/2021,21,10,10.9
09/07/2021,23,14,8.6
10/07/2021,21,10,9.3
11/07/2021,19,2,10.2
12/07/2021,17,6,8.7
13/07/2021,17,5,11.1
14/07/2021,17,5,8.1
15/07/2021,19,11,3
16/07/2021,21,2,7.2
17/07/2021,20,13,9.7
18/07/2021,20,12,4.6
19/07/2021,20,2,7.3
20/07/2021,20,7,7.4
21/07/2021,19,7,11.1
22/07/2021,21,14,6.1
23/07/2021,20,13,4.9
24/07/2021,22,1,4.6
25/07/2021,21,10,5.1
26/07/2021,21,8,9.1
27/07/2021,21,10,6.1
28/07/2021,20,5,7.8
29/07/2021,20,6,13.6
30/07/2021,20,11,4.4
31/07/2021,23,6,9.3
01/08/2021,21,12,6.7
02/08/2021,21,3,5.1
03/08/2021,20,1,7.6
04/08/2021,19,9,9
05/08/2021,18,9,9.2
06/08/2021,19,7,3.2
07/08/2021,20,6,9.7
08/08/2021,20,5,4.1
09/08/2021,22,2,9.1
10/08/2021,22,4,4.6
11/08/2021,22,14,7.3
12/08/2021,22,9,8.6
13/08/2021,21,13,6.3
14/08/2021,20,7,8.1
15/08/2021,21,8,7.9
16/08/2021,21,14,4.5
17/08/2021,22,8,6.4
18/08/2021,22,7,5.9
19/08/2021,22,11,4.8
20/08/2021,23,12,6.4
21/08/2021,22,7,10.7
22/08/2021,21,15,11.4
23/08/2021,22,9,9.4
24/08/2021,23,6,9.3
25/08/2021,23,6,10.6
26/08/2021,21,2,9.7
27/08/2021,22,11,9.6
28/08/2021,20,8,8.8
29/08/2021,17,9,13.2
30/08/2021,19,3,5.4
31/08/2021,20,4,8.5
01/09/2021,20,3,8.2
02/09/2021,19,14,4.4
03/09/2021,20,13,10.3
04/09/2021,19,6,4
05/09/2021,20,12,6.8
06/09/2021,18,14,6.1
07/09/2021,20,2,6.8
08/09/2021,17,8,8.7
09/09/2021,20,13,4.7
10/09/2021,20,2,8
11/09/2021,19,9,8.2
12/09/2021,19,8,6.8
13/09/2021,20,3,7.1
14/09/2021,20,8,5.1
15/09/2021,21,3,5.6
16/09/2021,22,7,8.3
17/09/2021,22,6,6.8
18/09/2021,22,10,10.3
19/09/2021,21,8,7.2
20/09/2021,22,15,7.9
21/09/2021,20,13,6.1
22/09/2021,20,15,13.5
23/09/2021,18,7,3.9
24/09/2021,17,1,7
25/09/2021,17,15,6.7
26/09/2021,19,8,4.6
27/09/2021,19,2,5.4
28/09/2021,18,3,7.4
29/09/2021,18,6,4.7
30/09/2021,21,8,7.8
01/10/2021,21,10,5.1
02/10/2021,19,3,4.5
03/10/2021,17,11,7.6
04/10/2021,17,14,9.9
05/10/2021,19,4,5.8
06/10/2021,19,14,3.6
07/10/2021,20,11,7.4
08/10/2021,20,12,8.3
09/10/2021,20,5,5.4
10/10/2021,21,5,8.1
11/10/2021,21,2,10.6
12/10/2021,20,12,11.4
13/10/2021,17,2,13
14/10/2021,19,10,7
15/10/2021,18,9,2.6
16/10/2021,19,10,7.9
17/10/2021,18,3,3.1
18/10/2021,20,7,3.6
19/10/2021,20,10,6.9
20/10/2021,20,14,4.9
21/10/2021,20,12,5.2
22/10/2021,19,4,10.1
23/10/2021,18,8,4.1
24/10/2021,19,1,4.9
25/10/2021,19,11,7.4
26/10/2021,19,14,10.9
27/10/2021,20,5,11.7
28/10/2021,17,14,4.1
29/10/2021,17,3,5.2
30/10/2021,18,15,3.1
31/10/2021,18,3,5.9
01/11/2021,17,1,7.2
02/11/2021,12,7,5.2
03/11/2021,19,9,5.6
04/11/2021,17,1,3.6
05/11/2021,12,12,3.4
06/11/2021,13,1,7.4
07/11/2021,11,14,4.7
08/11/2021,10,4,2.9
09/11/2021,13,10,3.3
10/11/2021,19,12,3.7
11/11/2021,17,5,6.2
12/11/2021,16,8,5.3
13/11/2021,16,3,5.4
14/11/2021,15,7,6.4
15/11/2021,15,1,3.4
16/11/2021,15,12,3.5
17/11/2021,16,2,6
18/11/2021,15,15,4
19/11/2021,15,3,5.2
20/11/2021,14,15,6
21/11/2021,16,8,4.4
22/11/2021,16,11,6.7
23/11/2021,17,9,8.1
24/11/2021,17,11,16.9
25/11/2021,13,15,6
26/11/2021,14,3,2.9
27/11/2021,15,3,13.8
28/11/2021,13,1,7.9
29/11/2021,16,13,5.3
30/11/2021,16,9,5.9
01/12/2021,17,2,4.3
02/12/2021,14,5,7.9
03/12/2021,15,9,5.9
04/12/2021,15,9,4.6
05/12/2021,16,10,9.3
06/12/2021,16,15,8
07/12/2021,15,2,12.7
08/12/2021,17,1,10.2
09/12/2021,16,11,9.3
10/12/2021,15,2,15.4
11/12/2021,16,12,7.5
12/12/2021,15,6,8.7
13/12/2021,17,4,7
14/12/2021,15,11,4.6
15/12/2021,8,7,5
16/12/2021,9,8,3.7
17/12/2021,15,4,10.2
18/12/2021,16,8,12.8
19/12/2021,12,9,16.6
20/12/2021,9,2,7
21/12/2021,10,10,3.6
22/12/2021,11,7,2.5
23/12/2021,15,3,4.2
24/12/2021,17,8,5.1
25/12/2021,17,13,4.1
26/12/2021,17,11,5.3
27/12/2021,16,14,10.1
28/12/2021,16,8,16.7
29/12/2021,13,13,18.9
30/12/2021,14,2,15.1
31/12/2021,15,11,19.5
01/01/2022,17,11,21.9
02/01/2022,11,9,6.9
03/01/2022,10,6,3.8
04/01/2022,15,2,3.2
05/01/2022,15,15,7.3
06/01/2022,15,14,3.9
07/01/2022,14,2,9
08/01/2022,15,8,13.1
09/01/2022,15,15,5.6
10/01/2022,12,6,6.7
11/01/2022,14,6,3.8
12/01/2022,16,15,6.2
13/01/2022,13,6,4.4
14/01/2022,16,13,5.6
15/01/2022,15,5,12.4
16/01/2022,11,10,3
17/01/2022,13,14,5.1
18/01/2022,15,1,11.2
19/01/2022,14,8,7.7
20/01/2022,16,15,15.5
21/01/2022,11,12,10
22/01/2022,12,14,19
23/01/2022,14,11,20.2
24/01/2022,15,3,20.1
25/01/2022,12,9,13.6
26/01/2022,12,1,12.4
27/01/2022,14,7,13.8
28/01/2022,12,4,9.1
29/01/2022,11,1,6
30/01/2022,14,6,9.6
31/01/2022,15,13,16.8
01/02/2022,14,6,13.5
02/02/2022,15,7,20.9
03/02/2022,12,3,24.3
04/02/2022,8,14,15.8
05/02/2022,9,5,10.5
06/02/2022,14,8,20
07/02/2022,10,4,20.1
08/02/2022,6,11,7.4
09/02/2022,12,10,10.3
10/02/2022,12,2,10.3
11/02/2022,12,2,7
12/02/2022,12,4,8.2
13/02/2022,10,5,11.1
14/02/2022,13,14,7.4
15/02/2022,15,13,15.5
16/02/2022,16,10,25.7
17/02/2022,17,6,21.3
18/02/2022,17,13,16.8
19/02/2022,16,6,10.1
20/02/2022,18,15,19.9
21/02/2022,17,6,21.5
22/02/2022,18,15,22.5
23/02/2022,18,4,17.2
24/02/2022,19,9,14.9
25/02/2022,18,5,13.8
26/02/2022,20,10,11.1
27/02/2022,18,5,5.8
28/02/2022,18,10,5.3
01/03/2022,20,5,7.2
02/03/2022,19,3,13.8
03/03/2022,18,10,10.1
04/03/2022,19,15,8.6
05/03/2022,22,14,17.2
06/03/2022,19,15,13.6
07/03/2022,20,6,15.3
08/03/2022,18,9,23.3
09/03/2022,17,4,21.5
10/03/2022,15,12,20.6
11/03/2022,18,14,24
12/03/2022,13,7,10.3
13/03/2022,16,7,14
14/03/2022,19,7,13.7
15/03/2022,17,15,7.7
16/03/2022,18,12,15.6
17/03/2022,19,3,21.4
18/03/2022,17,11,10.7
19/03/2022,17,4,6.8
20/03/2022,18,7,12.5
21/03/2022,20,3,29.6
22/03/2022,18,10,22.8
23/03/2022,17,9,11.1
24/03/2022,13,15,10.8
25/03/2022,15,12,5.4
26/03/2022,18,13,6.4
27/03/2022,19,11,7.2
28/03/2022,20,13,18.5
29/03/2022,22,2,22.4
30/03/2022,21,5,21.8
31/03/2022,19,13,12.7
01/04/2022,21,4,16.7
02/04/2022,22,2,12.8
03/04/2022,23,10,18.2
04/04/2022,21,15,22.4
05/04/2022,20,1,18.4
06/04/2022,20,3,11
07/04/2022,21,1,8.6
08/04/2022,21,9,10.5
09/04/2022,21,8,15.7
10/04/2022,21,4,27
11/04/2022,21,6,18.4
12/04/2022,21,14,28.6
13/04/2022,21,12,10.6
14/04/2022,23,9,14.8
15/04/2022,23,8,21.2
16/04/2022,22,6,11.1
17/04/2022,26,8,12.2
18/04/2022,25,15,6.8
19/04/2022,26,4,12.4
20/04/2022,24,11,16.3
21/04/2022,24,5,6.3
22/04/2022,24,3,9.5
23/04/2022,24,2,9.6
24/04/2022,25,7,13.6
25/04/2022,23,12,6.8
26/04/2022,22,3,11.2
27/04/2022,20,15,11.4
28/04/2022,23,5,13
29/04/2022,23,10,10.2
30/04/2022,23,4,6.9
01/05/2022,25,15,20.8
02/05/2022,24,10,13
03/05/2022,24,7,12.4
04/05/2022,24,13,23.6
05/05/2022,24,12,17
06/05/2022,25,11,12.9
07/05/2022,26,11,18.4
08/05/2022,26,6,13.9
09/05/2022,26,11,14
10/05/2022,27,9,9.8
11/05/2022,26,7,18
12/05/2022,22,3,4.8
13/05/2022,26,5,8.3
14/05/2022,26,5,10
15/05/2022,26,5,7.3
16/05/2022,26,3,8.4
17/05/2022,24,12,8.3
18/05/2022,25,15,11.7
19/05/2022,26,8,11.5
20/05/2022,24,7,22.8
21/05/2022,24,14,17.3
22/05/2022,25,12,11.4
23/05/2022,25,8,18.5
24/05/2022,24,13,12.8
25/05/2022,24,9,11.8
26/05/2022,25,4,6.8
27/05/2022,26,14,9.5
28/05/2022,25,6,9.6
29/05/2022,26,14,8.2
30/05/2022,26,12,14.7
31/05/2022,27,9,8
01/06/2022,26,13,12.1
02/06/2022,25,8,13.1
03/06/2022,23,13,12.8
04/06/2022,24,6,10.7
05/06/2022,25,1,9.1
06/06/2022,24,11,14.7
07/06/2022,25,3,14.9
08/06/2022,24,7,8
09/06/2022,26,3,9.9
10/06/2022,26,12,7.7
11/06/2022,27,9,10.9
12/06/2022,26,14,11
13/06/2022,23,13,21.3
14/06/2022,23,11,9.4
15/06/2022,23,4,13.2
16/06/2022,23,5,17.3
17/06/2022,24,9,13.1
18/06/2022,24,4,14.4
19/06/2022,22,11,13.3
20/06/2022,20,6,10
21/06/2022,24,10,13.4
22/06/2022,22,11,13.9
23/06/2022,20,3,10.5
24/06/2022,23,13,4.6
25/06/2022,22,11,10.8
26/06/2022,21,1,17.5
27/06/2022,19,2,12.6
28/06/2022,21,5,13.7
29/06/2022,20,14,11.5
30/06/2022,21,12,9.8
01/07/2022,20,8,13.2
02/07/2022,21,10,11.4
03/07/2022,21,14,8.7
04/07/2022,23,14,8.1
05/07/2022,24,14,6.9
06/07/2022,25,15,12.6
07/07/2022,24,10,10.8
08/07/2022,24,13,11.8
09/07/2022,25,8,11.4
10/07/2022,27,8,11.1
11/07/2022,25,10,10.3
12/07/2022,24,5,10.7
13/07/2022,23,15,7.3
14/07/2022,22,4,10.2
15/07/2022,24,8,13.3
16/07/2022,23,15,13
17/07/2022,23,11,7.4
18/07/2022,24,6,13.2
19/07/2022,23,4,14.1
20/07/2022,24,10,9.6
21/07/2022,25,9,12.2
22/07/2022,23,8,8.2
23/07/2022,23,12,7.8
24/07/2022,22,6,15.4
25/07/2022,22,3,10.8
26/07/2022,21,7,8.8
27/07/2022,22,15,7.5
28/07/2022,19,6,8.7
29/07/2022,19,11,10.5
30/07/2022,18,11,8.7
31/07/2022,19,7,6.2
01/08/2022,20,13,8.9
02/08/2022,20,7,6.8
03/08/2022,20,5,5.8
04/08/2022,21,11,8.2
05/08/2022,21,14,8.1
06/08/2022,21,15,8.7
07/08/2022,21,2,10
08/08/2022,22,1,7.3
09/08/2022,20,12,9.4
10/08/2022,20,10,11
11/08/2022,21,3,9.2
12/08/2022,20,15,18.4
13/08/2022,20,3,7.8
14/08/2022,20,10,6.3
15/08/2022,21,6,7.2
16/08/2022,20,13,9.8
17/08/2022,19,4,9.2
18/08/2022,18,5,5.7
19/08/2022,20,9,10.1
20/08/2022,21,11,10.2
21/08/2022,21,7,6.6
22/08/2022,20,6,8.1
23/08/2022,20,8,6.1
24/08/2022,22,15,5.5
25/08/2022,21,7,7.1
26/08/2022,19,15,4.6
27/08/2022,20,10,6.2
28/08/2022,22,4,5.7
29/08/2022,21,4,6.7
30/08/2022,21,1,7.7
31/08/2022,19,13,9.5
01/09/2022,19,8,7.4
02/09/2022,18,7,5
03/09/2022,21,13,8.1
04/09/2022,20,11,11.2
05/09/2022,20,15,9.9
06/09/2022,18,6,6.9
07/09/2022,19,7,7.2
08/09/2022,19,9,6.4
09/09/2022,21,4,7.6
10/09/2022,19,1,5.3
11/09/2022,21,4,10.6
12/09/2022,20,8,8.9
13/09/2022,20,12,6
14/09/2022,20,11,6.1
15/09/2022,21,1,8.7
16/09/2022,21,3,8.3
17/09/2022,20,4,11.9
18/09/2022,20,2,10.1
19/09/2022,20,1,7.4
20/09/2022,21,15,8.6
21/09/2022,21,4,6.9
22/09/2022,21,11,11.4
23/09/2022,21,3,9.4
24/09/2022,21,10,7.9
25/09/2022,20,14,4.6
26/09/2022,20,3,12
27/09/2022,18,1,11
28/09/2022,17,9,10.1
29/09/2022,19,4,9.6
30/09/2022,20,12,6.1
01/10/2022,20,12,4.3
02/10/2022,17,11,8.3
03/10/2022,13,7,8.7
04/10/2022,16,6,3.1
05/10/2022,18,14,7.3
06/10/2022,17,10,6.1
07/10/2022,18,12,6.2
08/10/2022,18,7,7.7
09/10/2022,18,2,6.8
10/10/2022,18,5,3.4
11/10/2022,19,2,4.2
12/10/2022,19,8,4.4
13/10/2022,20,2,4
14/10/2022,20,9,4.2
15/10/2022,21,13,5.2
16/10/2022,22,7,11.6
17/10/2022,21,2,6.2
18/10/2022,19,7,7.8
19/10/2022,17,13,10
20/10/2022,17,2,5.1
21/10/2022,18,5,7.1
22/10/2022,18,12,5.4
23/10/2022,17,9,10.1
24/10/2022,21,14,20.7
25/10/2022,18,12,6.6
26/10/2022,18,10,7.4
27/10/2022,19,8,13.7
28/10/2022,15,2,5.3
29/10/2022,16,2,5.2
30/10/2022,17,10,5.7
31/10/2022,17,1,14.8
01/11/2022,15,2,5
02/11/2022,16,11,8
03/11/2022,18,15,13.7
04/11/2022,19,10,16.7
05/11/2022,16,5,9.9
06/11/2022,16,9,6.6
07/11/2022,18,10,6.1
08/11/2022,18,2,5.9
09/11/2022,19,2,9.3
10/11/2022,19,2,12.4
11/11/2022,19,5,13.1
12/11/2022,16,14,7.5
13/11/2022,17,11,16.5
14/11/2022,16,15,18.4
15/11/2022,15,2,11.6
16/11/2022,16,6,16.2
17/11/2022,15,13,10.4
18/11/2022,16,7,14.6
19/11/2022,16,1,12.9
20/11/2022,17,6,13.1
21/11/2022,15,1,6.5
22/11/2022,13,3,2.1
23/11/2022,17,13,15.8
24/11/2022,16,12,14.3
25/11/2022,15,13,14.9
26/11/2022,11,10,6
27/11/2022,14,4,11.3
28/11/2022,16,3,16.5
29/11/2022,16,3,14.1
30/11/2022,14,2,6
01/12/2022,17,14,4.1
02/12/2022,17,1,3.7
03/12/2022,18,8,7.8
04/12/2022,17,4,5.1
05/12/2022,17,12,4
06/12/2022,18,9,6.9
07/12/2022,17,8,4.2
08/12/2022,16,4,5
09/12/2022,15,15,4.1
10/12/2022,17,7,10.7
11/12/2022,14,1,3.3
12/12/2022,16,3,19
13/12/2022,14,8,21.4
14/12/2022,14,1,20.5
15/12/2022,14,5,9.4
16/12/2022,14,13,8.2
17/12/2022,13,3,9.4
18/12/2022,15,7,12.9
19/12/2022,13,14,12.8
20/12/2022,12,11,7.3
21/12/2022,13,15,12.2
22/12/2022,15,11,9.8
23/12/2022,13,13,11.9
24/12/2022,12,8,7.3
25/12/2022,9,13,6.2
26/12/2022,10,12,4.3
27/12/2022,11,6,6.1
28/12/2022,14,7,22
29/12/2022,12,13,13.4
30/12/2022,12,7,20.5
31/12/2022,9,2,6.3
